ISO-10303-21;
HEADER;

/* File generated by Alibre Version V28 */

FILE_DESCRIPTION(('HOOPS Exchange Step'),'2;1');

FILE_NAME('C:\\Users\\Gebruiker\\AppData\\Local\\Temp\\Alibre Design\\28.0.4.28141\\export-9FC8128B-7866-41F0-825D-803D634E6CF7.stp',
'2025-04-14T20:22:59+02:00',
('Engineering'),
('Alibre'),
'HOOPS Exchange 2024.5',
'Alibre',
'Unknown authorisation');

FILE_SCHEMA( ('AP242_MANAGED_MODEL_BASED_3D_ENGINEERING_MIM_LF {1 0 10303 442 1 1 4 }') );

ENDSEC;

DATA;
#3=(NAMED_UNIT(*)PLANE_ANGLE_UNIT()SI_UNIT($,.RADIAN.));
#4=PLANE_ANGLE_MEASURE_WITH_UNIT(PLANE_ANGLE_MEASURE(0.0174532925),#3);
#5=(CONVERSION_BASED_UNIT('DEGREE',#4)NAMED_UNIT(#6)PLANE_ANGLE_UNIT());
#6=DIMENSIONAL_EXPONENTS(0.,0.,0.,0.,0.,0.,0.);
#7=(NAMED_UNIT(*)SI_UNIT($,.STERADIAN.)SOLID_ANGLE_UNIT());
#8=(LENGTH_UNIT()NAMED_UNIT(*)SI_UNIT(.MILLI.,.METRE.));
#9=UNCERTAINTY_MEASURE_WITH_UNIT(LENGTH_MEASURE(1.000000E-03),#8,'DISTANCE_ACCURACY_VALUE','Maximum Tolerance applied to model');
#10=(GEOMETRIC_REPRESENTATION_CONTEXT(3)GLOBAL_UNCERTAINTY_ASSIGNED_CONTEXT((#9))GLOBAL_UNIT_ASSIGNED_CONTEXT((#8,#5,#7))REPRESENTATION_CONTEXT('','706 6200ZZ 10x30x9mm Groove Ball Bearing'));
#12=CARTESIAN_POINT('',(0.,0.,0.));
#13=DIRECTION('',(0.,0.,1.));
#14=DIRECTION('',(1.,0.,0.));
#15=AXIS2_PLACEMENT_3D('',#12,#13,#14);
#26=(NAMED_UNIT(*)PLANE_ANGLE_UNIT()SI_UNIT($,.RADIAN.));
#27=PLANE_ANGLE_MEASURE_WITH_UNIT(PLANE_ANGLE_MEASURE(0.0174532925),#26);
#28=(CONVERSION_BASED_UNIT('DEGREE',#27)NAMED_UNIT(#29)PLANE_ANGLE_UNIT());
#29=DIMENSIONAL_EXPONENTS(0.,0.,0.,0.,0.,0.,0.);
#30=(NAMED_UNIT(*)SI_UNIT($,.STERADIAN.)SOLID_ANGLE_UNIT());
#31=(LENGTH_UNIT()NAMED_UNIT(*)SI_UNIT(.MILLI.,.METRE.));
#32=UNCERTAINTY_MEASURE_WITH_UNIT(LENGTH_MEASURE(1.000000E-06),#31,'DISTANCE_ACCURACY_VALUE','Maximum Tolerance applied to model');
#33=(GEOMETRIC_REPRESENTATION_CONTEXT(3)GLOBAL_UNCERTAINTY_ASSIGNED_CONTEXT((#32))GLOBAL_UNIT_ASSIGNED_CONTEXT((#31,#28,#30))REPRESENTATION_CONTEXT('','706-1 6200ZZ 10x30x9mm Groove Ball Bearing'));
#45=CARTESIAN_POINT('',(0.,0.,0.));
#46=DIRECTION('',(0.,0.,1.));
#47=DIRECTION('',(1.,0.,-0.));
#48=AXIS2_PLACEMENT_3D('',#45,#46,#47);
#49=ITEM_DEFINED_TRANSFORMATION('','',#48,#15);
#50=(REPRESENTATION_RELATIONSHIP('','',#35,#16)REPRESENTATION_RELATIONSHIP_WITH_TRANSFORMATION(#49)SHAPE_REPRESENTATION_RELATIONSHIP());
#51=NEXT_ASSEMBLY_USAGE_OCCURRENCE('706-1 6200ZZ 10x30x9mm Groove Ball Bearing_1','706-1 6200ZZ 10x30x9mm Groove Ball Bearing','706-1 6200ZZ 10x30x9mm Groove Ball Bearing',#25,#44,$);
#52=PRODUCT_DEFINITION_SHAPE('','',#51);
#53=CONTEXT_DEPENDENT_SHAPE_REPRESENTATION(#50,#52);
#55=CARTESIAN_POINT('',(4.5,0.,0.));
#56=DIRECTION('',(1.,0.,0.));
#57=DIRECTION('',(0.,0.,-1.));
#58=AXIS2_PLACEMENT_3D('',#55,#56,#57);
#59=TOROIDAL_SURFACE('',#58,10.,2.778);
#60=CARTESIAN_POINT('',(4.5,-0.,-12.778));
#61=VERTEX_POINT('',#60);
#62=CARTESIAN_POINT('',(4.5,0.,12.778));
#63=VERTEX_POINT('',#62);
#64=CARTESIAN_POINT('',(4.5,0.,0.));
#65=DIRECTION('',(1.,0.,-0.));
#66=DIRECTION('',(0.,0.,1.));
#67=AXIS2_PLACEMENT_3D('',#64,#65,#66);
#68=CIRCLE('',#67,12.778);
#69=EDGE_CURVE('',#61,#63,#68,.T.);
#70=ORIENTED_EDGE('',*,*,#69,.F.);
#71=CARTESIAN_POINT('',(7.150043102,-0.,-10.8334));
#72=VERTEX_POINT('',#71);
#73=CARTESIAN_POINT('',(4.5,-0.,-10.));
#74=DIRECTION('',(0.,-1.,0.));
#75=DIRECTION('',(0.,-0.,-1.));
#76=AXIS2_PLACEMENT_3D('',#73,#74,#75);
#77=CIRCLE('',#76,2.778);
#78=EDGE_CURVE('',#61,#72,#77,.T.);
#79=ORIENTED_EDGE('',*,*,#78,.T.);
#80=CARTESIAN_POINT('',(7.150043102,10.8334,-0.));
#81=VERTEX_POINT('',#80);
#82=CARTESIAN_POINT('',(7.150043102,0.,0.));
#83=DIRECTION('',(1.,0.,0.));
#84=DIRECTION('',(-0.,1.,0.));
#85=AXIS2_PLACEMENT_3D('',#82,#83,#84);
#86=CIRCLE('',#85,10.8334);
#87=EDGE_CURVE('',#72,#81,#86,.T.);
#88=ORIENTED_EDGE('',*,*,#87,.T.);
#89=CARTESIAN_POINT('',(7.150043102,0.,10.8334));
#90=VERTEX_POINT('',#89);
#91=CARTESIAN_POINT('',(7.150043102,0.,0.));
#92=DIRECTION('',(1.,0.,0.));
#93=DIRECTION('',(-0.,1.,0.));
#94=AXIS2_PLACEMENT_3D('',#91,#92,#93);
#95=CIRCLE('',#94,10.8334);
#96=EDGE_CURVE('',#81,#90,#95,.T.);
#97=ORIENTED_EDGE('',*,*,#96,.T.);
#98=CARTESIAN_POINT('',(4.5,0.,10.));
#99=DIRECTION('',(0.,-1.,0.));
#100=DIRECTION('',(0.,0.,1.));
#101=AXIS2_PLACEMENT_3D('',#98,#99,#100);
#102=CIRCLE('',#101,2.778);
#103=EDGE_CURVE('',#90,#63,#102,.T.);
#104=ORIENTED_EDGE('',*,*,#103,.T.);
#105=EDGE_LOOP('',(#70,#79,#88,#97,#104));
#106=FACE_BOUND('',#105,.T.);
#107=ADVANCED_FACE('',(#106),#59,.F.);
#108=CARTESIAN_POINT('',(4.5,0.,0.));
#109=DIRECTION('',(1.,0.,0.));
#110=DIRECTION('',(0.,0.,-1.));
#111=AXIS2_PLACEMENT_3D('',#108,#109,#110);
#112=TOROIDAL_SURFACE('',#111,10.,2.778);
#113=CARTESIAN_POINT('',(4.5,0.,0.));
#114=DIRECTION('',(1.,0.,-0.));
#115=DIRECTION('',(0.,0.,1.));
#116=AXIS2_PLACEMENT_3D('',#113,#114,#115);
#117=CIRCLE('',#116,12.778);
#118=EDGE_CURVE('',#63,#61,#117,.T.);
#119=ORIENTED_EDGE('',*,*,#118,.F.);
#120=ORIENTED_EDGE('',*,*,#103,.F.);
#121=CARTESIAN_POINT('',(7.150043102,-10.8334,0.));
#122=VERTEX_POINT('',#121);
#123=CARTESIAN_POINT('',(7.150043102,0.,0.));
#124=DIRECTION('',(1.,0.,0.));
#125=DIRECTION('',(-0.,1.,0.));
#126=AXIS2_PLACEMENT_3D('',#123,#124,#125);
#127=CIRCLE('',#126,10.8334);
#128=EDGE_CURVE('',#90,#122,#127,.T.);
#129=ORIENTED_EDGE('',*,*,#128,.T.);
#130=CARTESIAN_POINT('',(7.150043102,0.,0.));
#131=DIRECTION('',(1.,0.,0.));
#132=DIRECTION('',(-0.,1.,0.));
#133=AXIS2_PLACEMENT_3D('',#130,#131,#132);
#134=CIRCLE('',#133,10.8334);
#135=EDGE_CURVE('',#122,#72,#134,.T.);
#136=ORIENTED_EDGE('',*,*,#135,.T.);
#137=ORIENTED_EDGE('',*,*,#78,.F.);
#138=EDGE_LOOP('',(#119,#120,#129,#136,#137));
#139=FACE_BOUND('',#138,.T.);
#140=ADVANCED_FACE('',(#139),#112,.F.);
#141=CARTESIAN_POINT('',(8.625,0.,0.));
#142=DIRECTION('',(-1.,0.,0.));
#143=DIRECTION('',(0.,1.,0.));
#144=AXIS2_PLACEMENT_3D('',#141,#142,#143);
#145=CONICAL_SURFACE('',#144,12.466506351,30.);
#146=CARTESIAN_POINT('',(8.25,12.683012702,-0.));
#147=VERTEX_POINT('',#146);
#148=CARTESIAN_POINT('',(9.,12.25,-0.));
#149=VERTEX_POINT('',#148);
#150=CARTESIAN_POINT('',(8.25,12.683012702,0.));
#151=DIRECTION('',(0.866025404,-0.5,0.));
#152=VECTOR('',#151,0.866025404);
#153=LINE('',#150,#152);
#154=EDGE_CURVE('',#147,#149,#153,.T.);
#155=ORIENTED_EDGE('',*,*,#154,.F.);
#156=CARTESIAN_POINT('',(8.25,-12.683012702,0.));
#157=VERTEX_POINT('',#156);
#158=CARTESIAN_POINT('',(8.25,0.,0.));
#159=DIRECTION('',(1.,0.,0.));
#160=DIRECTION('',(-0.,1.,0.));
#161=AXIS2_PLACEMENT_3D('',#158,#159,#160);
#162=CIRCLE('',#161,12.683012702);
#163=EDGE_CURVE('',#157,#147,#162,.T.);
#164=ORIENTED_EDGE('',*,*,#163,.F.);
#165=CARTESIAN_POINT('',(9.,-12.25,-0.));
#166=VERTEX_POINT('',#165);
#167=CARTESIAN_POINT('',(9.,-12.25,0.));
#168=DIRECTION('',(-0.866025404,-0.5,0.));
#169=VECTOR('',#168,0.866025404);
#170=LINE('',#167,#169);
#171=EDGE_CURVE('',#166,#157,#170,.T.);
#172=ORIENTED_EDGE('',*,*,#171,.F.);
#173=CARTESIAN_POINT('',(9.,0.,0.));
#174=DIRECTION('',(1.,0.,0.));
#175=DIRECTION('',(-0.,1.,0.));
#176=AXIS2_PLACEMENT_3D('',#173,#174,#175);
#177=CIRCLE('',#176,12.25);
#178=EDGE_CURVE('',#166,#149,#177,.T.);
#179=ORIENTED_EDGE('',*,*,#178,.T.);
#180=EDGE_LOOP('',(#155,#164,#172,#179));
#181=FACE_BOUND('',#180,.T.);
#182=ADVANCED_FACE('',(#181),#145,.F.);
#183=CARTESIAN_POINT('',(8.4,0.,0.));
#184=DIRECTION('',(1.,0.,0.));
#185=DIRECTION('',(0.,0.,-1.));
#186=AXIS2_PLACEMENT_3D('',#183,#184,#185);
#187=TOROIDAL_SURFACE('',#186,14.4,0.6);
#188=CARTESIAN_POINT('',(8.4,-0.,-15.));
#189=VERTEX_POINT('',#188);
#190=CARTESIAN_POINT('',(9.,-0.,-14.4));
#191=VERTEX_POINT('',#190);
#192=CARTESIAN_POINT('',(8.4,-0.,-14.4));
#193=DIRECTION('',(0.,-1.,0.));
#194=DIRECTION('',(0.,-0.,-1.));
#195=AXIS2_PLACEMENT_3D('',#192,#193,#194);
#196=CIRCLE('',#195,0.6);
#197=EDGE_CURVE('',#189,#191,#196,.T.);
#198=ORIENTED_EDGE('',*,*,#197,.F.);
#199=CARTESIAN_POINT('',(8.4,15.,-0.));
#200=VERTEX_POINT('',#199);
#201=CARTESIAN_POINT('',(8.4,0.,0.));
#202=DIRECTION('',(1.,0.,0.));
#203=DIRECTION('',(-0.,1.,0.));
#204=AXIS2_PLACEMENT_3D('',#201,#202,#203);
#205=CIRCLE('',#204,15.);
#206=EDGE_CURVE('',#189,#200,#205,.T.);
#207=ORIENTED_EDGE('',*,*,#206,.T.);
#208=CARTESIAN_POINT('',(8.4,0.,15.));
#209=VERTEX_POINT('',#208);
#210=CARTESIAN_POINT('',(8.4,0.,0.));
#211=DIRECTION('',(1.,0.,0.));
#212=DIRECTION('',(-0.,1.,0.));
#213=AXIS2_PLACEMENT_3D('',#210,#211,#212);
#214=CIRCLE('',#213,15.);
#215=EDGE_CURVE('',#200,#209,#214,.T.);
#216=ORIENTED_EDGE('',*,*,#215,.T.);
#217=CARTESIAN_POINT('',(9.,0.,14.4));
#218=VERTEX_POINT('',#217);
#219=CARTESIAN_POINT('',(8.4,0.,14.4));
#220=DIRECTION('',(0.,-1.,0.));
#221=DIRECTION('',(0.,0.,1.));
#222=AXIS2_PLACEMENT_3D('',#219,#220,#221);
#223=CIRCLE('',#222,0.6);
#224=EDGE_CURVE('',#218,#209,#223,.T.);
#225=ORIENTED_EDGE('',*,*,#224,.F.);
#226=CARTESIAN_POINT('',(9.,14.4,-0.));
#227=VERTEX_POINT('',#226);
#228=CARTESIAN_POINT('',(9.,0.,0.));
#229=DIRECTION('',(1.,0.,0.));
#230=DIRECTION('',(-0.,1.,0.));
#231=AXIS2_PLACEMENT_3D('',#228,#229,#230);
#232=CIRCLE('',#231,14.4);
#233=EDGE_CURVE('',#227,#218,#232,.T.);
#234=ORIENTED_EDGE('',*,*,#233,.F.);
#235=CARTESIAN_POINT('',(9.,0.,0.));
#236=DIRECTION('',(1.,0.,0.));
#237=DIRECTION('',(-0.,1.,0.));
#238=AXIS2_PLACEMENT_3D('',#235,#236,#237);
#239=CIRCLE('',#238,14.4);
#240=EDGE_CURVE('',#191,#227,#239,.T.);
#241=ORIENTED_EDGE('',*,*,#240,.F.);
#242=EDGE_LOOP('',(#198,#207,#216,#225,#234,#241));
#243=FACE_BOUND('',#242,.T.);
#244=ADVANCED_FACE('',(#243),#187,.T.);
#245=CARTESIAN_POINT('',(4.5,0.,0.));
#246=DIRECTION('',(1.,0.,0.));
#247=DIRECTION('',(-0.,1.,0.));
#248=AXIS2_PLACEMENT_3D('',#245,#246,#247);
#249=CYLINDRICAL_SURFACE('',#248,15.);
#250=CARTESIAN_POINT('',(0.6,15.,-0.));
#251=VERTEX_POINT('',#250);
#252=CARTESIAN_POINT('',(0.6,15.,0.));
#253=DIRECTION('',(1.,0.,-0.));
#254=VECTOR('',#253,7.8);
#255=LINE('',#252,#254);
#256=EDGE_CURVE('',#251,#200,#255,.T.);
#257=ORIENTED_EDGE('',*,*,#256,.F.);
#258=CARTESIAN_POINT('',(0.6,0.,15.));
#259=VERTEX_POINT('',#258);
#260=CARTESIAN_POINT('',(0.6,0.,0.));
#261=DIRECTION('',(1.,0.,0.));
#262=DIRECTION('',(-0.,1.,0.));
#263=AXIS2_PLACEMENT_3D('',#260,#261,#262);
#264=CIRCLE('',#263,15.);
#265=EDGE_CURVE('',#251,#259,#264,.T.);
#266=ORIENTED_EDGE('',*,*,#265,.T.);
#267=CARTESIAN_POINT('',(0.6,-15.,0.));
#268=VERTEX_POINT('',#267);
#269=CARTESIAN_POINT('',(0.6,0.,0.));
#270=DIRECTION('',(1.,0.,0.));
#271=DIRECTION('',(-0.,1.,0.));
#272=AXIS2_PLACEMENT_3D('',#269,#270,#271);
#273=CIRCLE('',#272,15.);
#274=EDGE_CURVE('',#259,#268,#273,.T.);
#275=ORIENTED_EDGE('',*,*,#274,.T.);
#276=CARTESIAN_POINT('',(8.4,-15.,0.));
#277=VERTEX_POINT('',#276);
#278=CARTESIAN_POINT('',(8.4,-15.,0.));
#279=DIRECTION('',(-1.,0.,-0.));
#280=VECTOR('',#279,7.8);
#281=LINE('',#278,#280);
#282=EDGE_CURVE('',#277,#268,#281,.T.);
#283=ORIENTED_EDGE('',*,*,#282,.F.);
#284=CARTESIAN_POINT('',(8.4,0.,0.));
#285=DIRECTION('',(1.,0.,0.));
#286=DIRECTION('',(-0.,1.,0.));
#287=AXIS2_PLACEMENT_3D('',#284,#285,#286);
#288=CIRCLE('',#287,15.);
#289=EDGE_CURVE('',#209,#277,#288,.T.);
#290=ORIENTED_EDGE('',*,*,#289,.F.);
#291=ORIENTED_EDGE('',*,*,#215,.F.);
#292=EDGE_LOOP('',(#257,#266,#275,#283,#290,#291));
#293=FACE_BOUND('',#292,.T.);
#294=ADVANCED_FACE('',(#293),#249,.T.);
#295=CARTESIAN_POINT('',(0.6,0.,0.));
#296=DIRECTION('',(1.,0.,0.));
#297=DIRECTION('',(0.,0.,-1.));
#298=AXIS2_PLACEMENT_3D('',#295,#296,#297);
#299=TOROIDAL_SURFACE('',#298,14.4,0.6);
#300=CARTESIAN_POINT('',(0.,-0.,-14.4));
#301=VERTEX_POINT('',#300);
#302=CARTESIAN_POINT('',(0.6,-0.,-15.));
#303=VERTEX_POINT('',#302);
#304=CARTESIAN_POINT('',(0.6,-0.,-14.4));
#305=DIRECTION('',(0.,-1.,0.));
#306=DIRECTION('',(0.,-0.,-1.));
#307=AXIS2_PLACEMENT_3D('',#304,#305,#306);
#308=CIRCLE('',#307,0.6);
#309=EDGE_CURVE('',#301,#303,#308,.T.);
#310=ORIENTED_EDGE('',*,*,#309,.F.);
#311=CARTESIAN_POINT('',(0.,14.4,-0.));
#312=VERTEX_POINT('',#311);
#313=CARTESIAN_POINT('',(0.,0.,0.));
#314=DIRECTION('',(1.,0.,0.));
#315=DIRECTION('',(-0.,1.,0.));
#316=AXIS2_PLACEMENT_3D('',#313,#314,#315);
#317=CIRCLE('',#316,14.4);
#318=EDGE_CURVE('',#301,#312,#317,.T.);
#319=ORIENTED_EDGE('',*,*,#318,.T.);
#320=CARTESIAN_POINT('',(0.,0.,14.4));
#321=VERTEX_POINT('',#320);
#322=CARTESIAN_POINT('',(0.,0.,0.));
#323=DIRECTION('',(1.,0.,0.));
#324=DIRECTION('',(-0.,1.,0.));
#325=AXIS2_PLACEMENT_3D('',#322,#323,#324);
#326=CIRCLE('',#325,14.4);
#327=EDGE_CURVE('',#312,#321,#326,.T.);
#328=ORIENTED_EDGE('',*,*,#327,.T.);
#329=CARTESIAN_POINT('',(0.6,0.,14.4));
#330=DIRECTION('',(0.,-1.,0.));
#331=DIRECTION('',(0.,0.,1.));
#332=AXIS2_PLACEMENT_3D('',#329,#330,#331);
#333=CIRCLE('',#332,0.6);
#334=EDGE_CURVE('',#259,#321,#333,.T.);
#335=ORIENTED_EDGE('',*,*,#334,.F.);
#336=ORIENTED_EDGE('',*,*,#265,.F.);
#337=CARTESIAN_POINT('',(0.6,0.,0.));
#338=DIRECTION('',(1.,0.,0.));
#339=DIRECTION('',(-0.,1.,0.));
#340=AXIS2_PLACEMENT_3D('',#337,#338,#339);
#341=CIRCLE('',#340,15.);
#342=EDGE_CURVE('',#303,#251,#341,.T.);
#343=ORIENTED_EDGE('',*,*,#342,.F.);
#344=EDGE_LOOP('',(#310,#319,#328,#335,#336,#343));
#345=FACE_BOUND('',#344,.T.);
#346=ADVANCED_FACE('',(#345),#299,.T.);
#347=CARTESIAN_POINT('',(0.375,0.,0.));
#348=DIRECTION('',(1.,0.,0.));
#349=DIRECTION('',(-0.,1.,0.));
#350=AXIS2_PLACEMENT_3D('',#347,#348,#349);
#351=CONICAL_SURFACE('',#350,12.466506351,30.);
#352=CARTESIAN_POINT('',(0.,12.25,-0.));
#353=VERTEX_POINT('',#352);
#354=CARTESIAN_POINT('',(0.75,12.683012702,-0.));
#355=VERTEX_POINT('',#354);
#356=CARTESIAN_POINT('',(0.,12.25,0.));
#357=DIRECTION('',(0.866025404,0.5,0.));
#358=VECTOR('',#357,0.866025404);
#359=LINE('',#356,#358);
#360=EDGE_CURVE('',#353,#355,#359,.T.);
#361=ORIENTED_EDGE('',*,*,#360,.F.);
#362=CARTESIAN_POINT('',(0.,-12.25,0.));
#363=VERTEX_POINT('',#362);
#364=CARTESIAN_POINT('',(0.,0.,0.));
#365=DIRECTION('',(1.,0.,0.));
#366=DIRECTION('',(-0.,1.,0.));
#367=AXIS2_PLACEMENT_3D('',#364,#365,#366);
#368=CIRCLE('',#367,12.25);
#369=EDGE_CURVE('',#363,#353,#368,.T.);
#370=ORIENTED_EDGE('',*,*,#369,.F.);
#371=CARTESIAN_POINT('',(0.75,-12.683012702,0.));
#372=VERTEX_POINT('',#371);
#373=CARTESIAN_POINT('',(0.75,-12.683012702,0.));
#374=DIRECTION('',(-0.866025404,0.5,-0.));
#375=VECTOR('',#374,0.866025404);
#376=LINE('',#373,#375);
#377=EDGE_CURVE('',#372,#363,#376,.T.);
#378=ORIENTED_EDGE('',*,*,#377,.F.);
#379=CARTESIAN_POINT('',(0.75,0.,0.));
#380=DIRECTION('',(1.,0.,0.));
#381=DIRECTION('',(-0.,1.,0.));
#382=AXIS2_PLACEMENT_3D('',#379,#380,#381);
#383=CIRCLE('',#382,12.683012702);
#384=EDGE_CURVE('',#372,#355,#383,.T.);
#385=ORIENTED_EDGE('',*,*,#384,.T.);
#386=EDGE_LOOP('',(#361,#370,#378,#385));
#387=FACE_BOUND('',#386,.T.);
#388=ADVANCED_FACE('',(#387),#351,.F.);
#389=CARTESIAN_POINT('',(1.299978449,0.,0.));
#390=DIRECTION('',(1.,0.,0.));
#391=DIRECTION('',(-0.,1.,0.));
#392=AXIS2_PLACEMENT_3D('',#389,#390,#391);
#393=CYLINDRICAL_SURFACE('',#392,10.8334);
#394=CARTESIAN_POINT('',(0.75,10.8334,-0.));
#395=VERTEX_POINT('',#394);
#396=CARTESIAN_POINT('',(1.849956898,10.8334,-0.));
#397=VERTEX_POINT('',#396);
#398=CARTESIAN_POINT('',(0.75,10.8334,0.));
#399=DIRECTION('',(1.,0.,-0.));
#400=VECTOR('',#399,1.099956898);
#401=LINE('',#398,#400);
#402=EDGE_CURVE('',#395,#397,#401,.T.);
#403=ORIENTED_EDGE('',*,*,#402,.F.);
#404=CARTESIAN_POINT('',(0.75,-10.8334,0.));
#405=VERTEX_POINT('',#404);
#406=CARTESIAN_POINT('',(0.75,0.,0.));
#407=DIRECTION('',(1.,0.,0.));
#408=DIRECTION('',(-0.,1.,0.));
#409=AXIS2_PLACEMENT_3D('',#406,#407,#408);
#410=CIRCLE('',#409,10.8334);
#411=EDGE_CURVE('',#405,#395,#410,.T.);
#412=ORIENTED_EDGE('',*,*,#411,.F.);
#413=CARTESIAN_POINT('',(1.849956898,-10.8334,0.));
#414=VERTEX_POINT('',#413);
#415=CARTESIAN_POINT('',(1.849956898,-10.8334,0.));
#416=DIRECTION('',(-1.,0.,0.));
#417=VECTOR('',#416,1.099956898);
#418=LINE('',#415,#417);
#419=EDGE_CURVE('',#414,#405,#418,.T.);
#420=ORIENTED_EDGE('',*,*,#419,.F.);
#421=CARTESIAN_POINT('',(1.849956898,-0.,-10.8334));
#422=VERTEX_POINT('',#421);
#423=CARTESIAN_POINT('',(1.849956898,0.,0.));
#424=DIRECTION('',(1.,0.,0.));
#425=DIRECTION('',(-0.,1.,0.));
#426=AXIS2_PLACEMENT_3D('',#423,#424,#425);
#427=CIRCLE('',#426,10.8334);
#428=EDGE_CURVE('',#414,#422,#427,.T.);
#429=ORIENTED_EDGE('',*,*,#428,.T.);
#430=CARTESIAN_POINT('',(1.849956898,0.,0.));
#431=DIRECTION('',(1.,0.,0.));
#432=DIRECTION('',(-0.,1.,0.));
#433=AXIS2_PLACEMENT_3D('',#430,#431,#432);
#434=CIRCLE('',#433,10.8334);
#435=EDGE_CURVE('',#422,#397,#434,.T.);
#436=ORIENTED_EDGE('',*,*,#435,.T.);
#437=EDGE_LOOP('',(#403,#412,#420,#429,#436));
#438=FACE_BOUND('',#437,.T.);
#439=ADVANCED_FACE('',(#438),#393,.F.);
#440=CARTESIAN_POINT('',(4.5,0.,0.));
#441=DIRECTION('',(1.,0.,0.));
#442=DIRECTION('',(0.,0.,-1.));
#443=AXIS2_PLACEMENT_3D('',#440,#441,#442);
#444=TOROIDAL_SURFACE('',#443,10.,2.778);
#445=ORIENTED_EDGE('',*,*,#118,.T.);
#446=CARTESIAN_POINT('',(4.5,-0.,-10.));
#447=DIRECTION('',(0.,-1.,0.));
#448=DIRECTION('',(0.,-0.,-1.));
#449=AXIS2_PLACEMENT_3D('',#446,#447,#448);
#450=CIRCLE('',#449,2.778);
#451=EDGE_CURVE('',#422,#61,#450,.T.);
#452=ORIENTED_EDGE('',*,*,#451,.F.);
#453=ORIENTED_EDGE('',*,*,#428,.F.);
#454=CARTESIAN_POINT('',(1.849956898,0.,10.8334));
#455=VERTEX_POINT('',#454);
#456=CARTESIAN_POINT('',(1.849956898,0.,0.));
#457=DIRECTION('',(1.,0.,0.));
#458=DIRECTION('',(-0.,1.,0.));
#459=AXIS2_PLACEMENT_3D('',#456,#457,#458);
#460=CIRCLE('',#459,10.8334);
#461=EDGE_CURVE('',#455,#414,#460,.T.);
#462=ORIENTED_EDGE('',*,*,#461,.F.);
#463=CARTESIAN_POINT('',(4.5,0.,10.));
#464=DIRECTION('',(0.,-1.,0.));
#465=DIRECTION('',(0.,0.,1.));
#466=AXIS2_PLACEMENT_3D('',#463,#464,#465);
#467=CIRCLE('',#466,2.778);
#468=EDGE_CURVE('',#63,#455,#467,.T.);
#469=ORIENTED_EDGE('',*,*,#468,.F.);
#470=EDGE_LOOP('',(#445,#452,#453,#462,#469));
#471=FACE_BOUND('',#470,.T.);
#472=ADVANCED_FACE('',(#471),#444,.F.);
#473=CARTESIAN_POINT('',(7.700021551,0.,0.));
#474=DIRECTION('',(1.,0.,0.));
#475=DIRECTION('',(-0.,1.,0.));
#476=AXIS2_PLACEMENT_3D('',#473,#474,#475);
#477=CYLINDRICAL_SURFACE('',#476,10.8334);
#478=CARTESIAN_POINT('',(8.25,10.8334,-0.));
#479=VERTEX_POINT('',#478);
#480=CARTESIAN_POINT('',(7.150043102,10.8334,0.));
#481=DIRECTION('',(1.,0.,-0.));
#482=VECTOR('',#481,1.099956898);
#483=LINE('',#480,#482);
#484=EDGE_CURVE('',#81,#479,#483,.T.);
#485=ORIENTED_EDGE('',*,*,#484,.F.);
#486=ORIENTED_EDGE('',*,*,#87,.F.);
#487=ORIENTED_EDGE('',*,*,#135,.F.);
#488=CARTESIAN_POINT('',(8.25,-10.8334,0.));
#489=VERTEX_POINT('',#488);
#490=CARTESIAN_POINT('',(8.25,-10.8334,0.));
#491=DIRECTION('',(-1.,0.,0.));
#492=VECTOR('',#491,1.099956898);
#493=LINE('',#490,#492);
#494=EDGE_CURVE('',#489,#122,#493,.T.);
#495=ORIENTED_EDGE('',*,*,#494,.F.);
#496=CARTESIAN_POINT('',(8.25,0.,0.));
#497=DIRECTION('',(1.,0.,0.));
#498=DIRECTION('',(-0.,1.,0.));
#499=AXIS2_PLACEMENT_3D('',#496,#497,#498);
#500=CIRCLE('',#499,10.8334);
#501=EDGE_CURVE('',#489,#479,#500,.T.);
#502=ORIENTED_EDGE('',*,*,#501,.T.);
#503=EDGE_LOOP('',(#485,#486,#487,#495,#502));
#504=FACE_BOUND('',#503,.T.);
#505=ADVANCED_FACE('',(#504),#477,.F.);
#506=CARTESIAN_POINT('',(7.700021551,0.,0.));
#507=DIRECTION('',(1.,0.,0.));
#508=DIRECTION('',(-0.,1.,0.));
#509=AXIS2_PLACEMENT_3D('',#506,#507,#508);
#510=CYLINDRICAL_SURFACE('',#509,10.8334);
#511=ORIENTED_EDGE('',*,*,#484,.T.);
#512=CARTESIAN_POINT('',(8.25,0.,0.));
#513=DIRECTION('',(1.,0.,0.));
#514=DIRECTION('',(-0.,1.,0.));
#515=AXIS2_PLACEMENT_3D('',#512,#513,#514);
#516=CIRCLE('',#515,10.8334);
#517=EDGE_CURVE('',#479,#489,#516,.T.);
#518=ORIENTED_EDGE('',*,*,#517,.T.);
#519=ORIENTED_EDGE('',*,*,#494,.T.);
#520=ORIENTED_EDGE('',*,*,#128,.F.);
#521=ORIENTED_EDGE('',*,*,#96,.F.);
#522=EDGE_LOOP('',(#511,#518,#519,#520,#521));
#523=FACE_BOUND('',#522,.T.);
#524=ADVANCED_FACE('',(#523),#510,.F.);
#525=CARTESIAN_POINT('',(4.5,0.,0.));
#526=DIRECTION('',(1.,0.,0.));
#527=DIRECTION('',(0.,0.,-1.));
#528=AXIS2_PLACEMENT_3D('',#525,#526,#527);
#529=TOROIDAL_SURFACE('',#528,10.,2.778);
#530=ORIENTED_EDGE('',*,*,#69,.T.);
#531=ORIENTED_EDGE('',*,*,#468,.T.);
#532=CARTESIAN_POINT('',(1.849956898,0.,0.));
#533=DIRECTION('',(1.,0.,0.));
#534=DIRECTION('',(-0.,1.,0.));
#535=AXIS2_PLACEMENT_3D('',#532,#533,#534);
#536=CIRCLE('',#535,10.8334);
#537=EDGE_CURVE('',#397,#455,#536,.T.);
#538=ORIENTED_EDGE('',*,*,#537,.F.);
#539=ORIENTED_EDGE('',*,*,#435,.F.);
#540=ORIENTED_EDGE('',*,*,#451,.T.);
#541=EDGE_LOOP('',(#530,#531,#538,#539,#540));
#542=FACE_BOUND('',#541,.T.);
#543=ADVANCED_FACE('',(#542),#529,.F.);
#544=CARTESIAN_POINT('',(1.299978449,0.,0.));
#545=DIRECTION('',(1.,0.,0.));
#546=DIRECTION('',(-0.,1.,0.));
#547=AXIS2_PLACEMENT_3D('',#544,#545,#546);
#548=CYLINDRICAL_SURFACE('',#547,10.8334);
#549=ORIENTED_EDGE('',*,*,#402,.T.);
#550=ORIENTED_EDGE('',*,*,#537,.T.);
#551=ORIENTED_EDGE('',*,*,#461,.T.);
#552=ORIENTED_EDGE('',*,*,#419,.T.);
#553=CARTESIAN_POINT('',(0.75,0.,0.));
#554=DIRECTION('',(1.,0.,0.));
#555=DIRECTION('',(-0.,1.,0.));
#556=AXIS2_PLACEMENT_3D('',#553,#554,#555);
#557=CIRCLE('',#556,10.8334);
#558=EDGE_CURVE('',#395,#405,#557,.T.);
#559=ORIENTED_EDGE('',*,*,#558,.F.);
#560=EDGE_LOOP('',(#549,#550,#551,#552,#559));
#561=FACE_BOUND('',#560,.T.);
#562=ADVANCED_FACE('',(#561),#548,.F.);
#563=CARTESIAN_POINT('',(0.75,11.758206351,0.));
#564=DIRECTION('',(-1.,0.,0.));
#565=DIRECTION('',(-0.,-1.,0.));
#566=AXIS2_PLACEMENT_3D('',#563,#564,#565);
#567=PLANE('',#566);
#568=CARTESIAN_POINT('',(0.75,0.,0.));
#569=DIRECTION('',(1.,0.,0.));
#570=DIRECTION('',(-0.,1.,0.));
#571=AXIS2_PLACEMENT_3D('',#568,#569,#570);
#572=CIRCLE('',#571,12.683012702);
#573=EDGE_CURVE('',#355,#372,#572,.T.);
#574=ORIENTED_EDGE('',*,*,#573,.F.);
#575=ORIENTED_EDGE('',*,*,#384,.F.);
#576=EDGE_LOOP('',(#574,#575));
#577=FACE_BOUND('',#576,.T.);
#578=ORIENTED_EDGE('',*,*,#558,.T.);
#579=ORIENTED_EDGE('',*,*,#411,.T.);
#580=EDGE_LOOP('',(#578,#579));
#581=FACE_BOUND('',#580,.T.);
#582=ADVANCED_FACE('',(#577,#581),#567,.T.);
#583=CARTESIAN_POINT('',(0.375,0.,0.));
#584=DIRECTION('',(1.,0.,0.));
#585=DIRECTION('',(-0.,1.,0.));
#586=AXIS2_PLACEMENT_3D('',#583,#584,#585);
#587=CONICAL_SURFACE('',#586,12.466506351,30.);
#588=ORIENTED_EDGE('',*,*,#360,.T.);
#589=ORIENTED_EDGE('',*,*,#573,.T.);
#590=ORIENTED_EDGE('',*,*,#377,.T.);
#591=CARTESIAN_POINT('',(0.,0.,0.));
#592=DIRECTION('',(1.,0.,0.));
#593=DIRECTION('',(-0.,1.,0.));
#594=AXIS2_PLACEMENT_3D('',#591,#592,#593);
#595=CIRCLE('',#594,12.25);
#596=EDGE_CURVE('',#353,#363,#595,.T.);
#597=ORIENTED_EDGE('',*,*,#596,.F.);
#598=EDGE_LOOP('',(#588,#589,#590,#597));
#599=FACE_BOUND('',#598,.T.);
#600=ADVANCED_FACE('',(#599),#587,.F.);
#601=CARTESIAN_POINT('',(0.,13.325,0.));
#602=DIRECTION('',(-1.,0.,0.));
#603=DIRECTION('',(0.,-1.,0.));
#604=AXIS2_PLACEMENT_3D('',#601,#602,#603);
#605=PLANE('',#604);
#606=ORIENTED_EDGE('',*,*,#327,.F.);
#607=ORIENTED_EDGE('',*,*,#318,.F.);
#608=CARTESIAN_POINT('',(0.,0.,0.));
#609=DIRECTION('',(1.,0.,0.));
#610=DIRECTION('',(-0.,1.,0.));
#611=AXIS2_PLACEMENT_3D('',#608,#609,#610);
#612=CIRCLE('',#611,14.4);
#613=EDGE_CURVE('',#321,#301,#612,.T.);
#614=ORIENTED_EDGE('',*,*,#613,.F.);
#615=EDGE_LOOP('',(#606,#607,#614));
#616=FACE_BOUND('',#615,.T.);
#617=ORIENTED_EDGE('',*,*,#596,.T.);
#618=ORIENTED_EDGE('',*,*,#369,.T.);
#619=EDGE_LOOP('',(#617,#618));
#620=FACE_BOUND('',#619,.T.);
#621=ADVANCED_FACE('',(#616,#620),#605,.T.);
#622=CARTESIAN_POINT('',(0.6,0.,0.));
#623=DIRECTION('',(1.,0.,0.));
#624=DIRECTION('',(0.,0.,-1.));
#625=AXIS2_PLACEMENT_3D('',#622,#623,#624);
#626=TOROIDAL_SURFACE('',#625,14.4,0.6);
#627=ORIENTED_EDGE('',*,*,#309,.T.);
#628=CARTESIAN_POINT('',(0.6,0.,0.));
#629=DIRECTION('',(1.,0.,0.));
#630=DIRECTION('',(-0.,1.,0.));
#631=AXIS2_PLACEMENT_3D('',#628,#629,#630);
#632=CIRCLE('',#631,15.);
#633=EDGE_CURVE('',#268,#303,#632,.T.);
#634=ORIENTED_EDGE('',*,*,#633,.F.);
#635=ORIENTED_EDGE('',*,*,#274,.F.);
#636=ORIENTED_EDGE('',*,*,#334,.T.);
#637=ORIENTED_EDGE('',*,*,#613,.T.);
#638=EDGE_LOOP('',(#627,#634,#635,#636,#637));
#639=FACE_BOUND('',#638,.T.);
#640=ADVANCED_FACE('',(#639),#626,.T.);
#641=CARTESIAN_POINT('',(4.5,0.,0.));
#642=DIRECTION('',(1.,0.,0.));
#643=DIRECTION('',(-0.,1.,0.));
#644=AXIS2_PLACEMENT_3D('',#641,#642,#643);
#645=CYLINDRICAL_SURFACE('',#644,15.);
#646=ORIENTED_EDGE('',*,*,#256,.T.);
#647=ORIENTED_EDGE('',*,*,#206,.F.);
#648=CARTESIAN_POINT('',(8.4,0.,0.));
#649=DIRECTION('',(1.,0.,0.));
#650=DIRECTION('',(-0.,1.,0.));
#651=AXIS2_PLACEMENT_3D('',#648,#649,#650);
#652=CIRCLE('',#651,15.);
#653=EDGE_CURVE('',#277,#189,#652,.T.);
#654=ORIENTED_EDGE('',*,*,#653,.F.);
#655=ORIENTED_EDGE('',*,*,#282,.T.);
#656=ORIENTED_EDGE('',*,*,#633,.T.);
#657=ORIENTED_EDGE('',*,*,#342,.T.);
#658=EDGE_LOOP('',(#646,#647,#654,#655,#656,#657));
#659=FACE_BOUND('',#658,.T.);
#660=ADVANCED_FACE('',(#659),#645,.T.);
#661=CARTESIAN_POINT('',(8.4,0.,0.));
#662=DIRECTION('',(1.,0.,0.));
#663=DIRECTION('',(0.,0.,-1.));
#664=AXIS2_PLACEMENT_3D('',#661,#662,#663);
#665=TOROIDAL_SURFACE('',#664,14.4,0.6);
#666=ORIENTED_EDGE('',*,*,#197,.T.);
#667=CARTESIAN_POINT('',(9.,0.,0.));
#668=DIRECTION('',(1.,0.,0.));
#669=DIRECTION('',(-0.,1.,0.));
#670=AXIS2_PLACEMENT_3D('',#667,#668,#669);
#671=CIRCLE('',#670,14.4);
#672=EDGE_CURVE('',#218,#191,#671,.T.);
#673=ORIENTED_EDGE('',*,*,#672,.F.);
#674=ORIENTED_EDGE('',*,*,#224,.T.);
#675=ORIENTED_EDGE('',*,*,#289,.T.);
#676=ORIENTED_EDGE('',*,*,#653,.T.);
#677=EDGE_LOOP('',(#666,#673,#674,#675,#676));
#678=FACE_BOUND('',#677,.T.);
#679=ADVANCED_FACE('',(#678),#665,.T.);
#680=CARTESIAN_POINT('',(9.,13.325,0.));
#681=DIRECTION('',(1.,0.,0.));
#682=DIRECTION('',(0.,1.,0.));
#683=AXIS2_PLACEMENT_3D('',#680,#681,#682);
#684=PLANE('',#683);
#685=CARTESIAN_POINT('',(9.,0.,0.));
#686=DIRECTION('',(1.,0.,0.));
#687=DIRECTION('',(-0.,1.,0.));
#688=AXIS2_PLACEMENT_3D('',#685,#686,#687);
#689=CIRCLE('',#688,12.25);
#690=EDGE_CURVE('',#149,#166,#689,.T.);
#691=ORIENTED_EDGE('',*,*,#690,.F.);
#692=ORIENTED_EDGE('',*,*,#178,.F.);
#693=EDGE_LOOP('',(#691,#692));
#694=FACE_BOUND('',#693,.T.);
#695=ORIENTED_EDGE('',*,*,#233,.T.);
#696=ORIENTED_EDGE('',*,*,#672,.T.);
#697=ORIENTED_EDGE('',*,*,#240,.T.);
#698=EDGE_LOOP('',(#695,#696,#697));
#699=FACE_BOUND('',#698,.T.);
#700=ADVANCED_FACE('',(#694,#699),#684,.T.);
#701=CARTESIAN_POINT('',(8.625,0.,0.));
#702=DIRECTION('',(-1.,0.,0.));
#703=DIRECTION('',(0.,1.,0.));
#704=AXIS2_PLACEMENT_3D('',#701,#702,#703);
#705=CONICAL_SURFACE('',#704,12.466506351,30.);
#706=ORIENTED_EDGE('',*,*,#154,.T.);
#707=ORIENTED_EDGE('',*,*,#690,.T.);
#708=ORIENTED_EDGE('',*,*,#171,.T.);
#709=CARTESIAN_POINT('',(8.25,0.,0.));
#710=DIRECTION('',(1.,0.,0.));
#711=DIRECTION('',(-0.,1.,0.));
#712=AXIS2_PLACEMENT_3D('',#709,#710,#711);
#713=CIRCLE('',#712,12.683012702);
#714=EDGE_CURVE('',#147,#157,#713,.T.);
#715=ORIENTED_EDGE('',*,*,#714,.F.);
#716=EDGE_LOOP('',(#706,#707,#708,#715));
#717=FACE_BOUND('',#716,.T.);
#718=ADVANCED_FACE('',(#717),#705,.F.);
#719=CARTESIAN_POINT('',(8.25,11.758206351,0.));
#720=DIRECTION('',(1.,0.,0.));
#721=DIRECTION('',(-0.,1.,0.));
#722=AXIS2_PLACEMENT_3D('',#719,#720,#721);
#723=PLANE('',#722);
#724=ORIENTED_EDGE('',*,*,#517,.F.);
#725=ORIENTED_EDGE('',*,*,#501,.F.);
#726=EDGE_LOOP('',(#724,#725));
#727=FACE_BOUND('',#726,.T.);
#728=ORIENTED_EDGE('',*,*,#714,.T.);
#729=ORIENTED_EDGE('',*,*,#163,.T.);
#730=EDGE_LOOP('',(#728,#729));
#731=FACE_BOUND('',#730,.T.);
#732=ADVANCED_FACE('',(#727,#731),#723,.T.);
#733=CLOSED_SHELL('',(#107,#140,#182,#244,#294,#346,#388,#439,#472,#505,#524,#543,#562,#582,#600,#621,#640,#660,#679,#700,#718,#732));
#734=MANIFOLD_SOLID_BREP('snr_6200zzc3_0_1',#733);
#735=COLOUR_RGB('',0.882352948,0.882352948,0.882352948);
#736=FILL_AREA_STYLE_COLOUR('',#735);
#737=FILL_AREA_STYLE('',(#736));
#738=SURFACE_STYLE_FILL_AREA(#737);
#739=SURFACE_SIDE_STYLE('',(#738));
#740=SURFACE_STYLE_USAGE(.BOTH.,#739);
#741=PRESENTATION_STYLE_ASSIGNMENT((#740));
#54=STYLED_ITEM('',(#741),#734);
#742=INTEGER_REPRESENTATION_ITEM('ATTRIB_BOUNDING_BOX_ALGORITHM',3);
#743=ID_ATTRIBUTE('SA #744',#744);
#744=SHAPE_ASPECT('properties','',#42,.F.);
#745=GEOMETRIC_ITEM_SPECIFIC_USAGE('','properties',#744,#36,#734);
#746=PROPERTY_DEFINITION('ATTRIB_BOUNDING_BOX_ALGORITHM','',#744);
#747=REPRESENTATION('',(#742),#33);
#748=PROPERTY_DEFINITION_REPRESENTATION(#746,#747);
#749=GENERAL_PROPERTY('','ATTRIB_BOUNDING_BOX_ALGORITHM','');
#750=GENERAL_PROPERTY_ASSOCIATION('','',#749,#746);
#751=CONTEXT_DEPENDENT_OVER_RIDING_STYLED_ITEM('',(#741),#35,#54,(#50));
#35=SHAPE_REPRESENTATION('706-1 6200ZZ 10x30x9mm Groove Ball Bearing',(#15),#33);
#36=ADVANCED_BREP_SHAPE_REPRESENTATION('706-1 6200ZZ 10x30x9mm Groove Ball Bearing',(#734),#33);
#759=SHAPE_REPRESENTATION_RELATIONSHIP('','',#35,#36);
#760=CARTESIAN_POINT('',(0.,0.,0.));
#761=DIRECTION('',(0.,0.,1.));
#762=DIRECTION('',(1.,0.,0.));
#763=AXIS2_PLACEMENT_3D('',#760,#761,#762);
#765=MAPPED_ITEM('',#764,#763);
#764=REPRESENTATION_MAP(#763,#35);
#766=APPLICATION_CONTEXT('Managed model based 3d engineering');
#767=APPLICATION_PROTOCOL_DEFINITION('international standard','ap242_managed_model_based_3d_engineering',2013,#766);
#768=PRODUCT_CONTEXT('',#766,'mechanical');
#769=PRODUCT_DEFINITION_CONTEXT('part definition',#766,'design');
#43=PRODUCT('706-1 6200ZZ 10x30x9mm Groove Ball Bearing','706-1 6200ZZ 10x30x9mm Groove Ball Bearing','',(#768));
#770=PRODUCT_RELATED_PRODUCT_CATEGORY('part','',(#43));
#771=PRODUCT_DEFINITION_FORMATION_WITH_SPECIFIED_SOURCE('','',#43,.NOT_KNOWN.);
#44=PRODUCT_DEFINITION('design','',#771,#769);
#42=PRODUCT_DEFINITION_SHAPE('','',#44);
#772=SHAPE_DEFINITION_REPRESENTATION(#42,#35);
#34=DRAUGHTING_MODEL('',(#765),#33);
#773=(NAMED_UNIT(*)PLANE_ANGLE_UNIT()SI_UNIT($,.RADIAN.));
#774=PLANE_ANGLE_MEASURE_WITH_UNIT(PLANE_ANGLE_MEASURE(0.0174532925),#773);
#775=(CONVERSION_BASED_UNIT('DEGREE',#774)NAMED_UNIT(#776)PLANE_ANGLE_UNIT());
#776=DIMENSIONAL_EXPONENTS(0.,0.,0.,0.,0.,0.,0.);
#777=(NAMED_UNIT(*)SI_UNIT($,.STERADIAN.)SOLID_ANGLE_UNIT());
#778=(LENGTH_UNIT()NAMED_UNIT(*)SI_UNIT(.MILLI.,.METRE.));
#779=UNCERTAINTY_MEASURE_WITH_UNIT(LENGTH_MEASURE(1.000000E-06),#778,'DISTANCE_ACCURACY_VALUE','Maximum Tolerance applied to model');
#780=(GEOMETRIC_REPRESENTATION_CONTEXT(3)GLOBAL_UNCERTAINTY_ASSIGNED_CONTEXT((#779))GLOBAL_UNIT_ASSIGNED_CONTEXT((#778,#775,#777))REPRESENTATION_CONTEXT('','706-2 6200ZZ 10x30x9mm Groove Ball Bearing'));
#792=CARTESIAN_POINT('',(0.,0.,0.));
#793=DIRECTION('',(0.,0.,1.));
#794=DIRECTION('',(1.,0.,-0.));
#795=AXIS2_PLACEMENT_3D('',#792,#793,#794);
#796=ITEM_DEFINED_TRANSFORMATION('','',#795,#15);
#797=(REPRESENTATION_RELATIONSHIP('','',#782,#16)REPRESENTATION_RELATIONSHIP_WITH_TRANSFORMATION(#796)SHAPE_REPRESENTATION_RELATIONSHIP());
#798=NEXT_ASSEMBLY_USAGE_OCCURRENCE('706-2 6200ZZ 10x30x9mm Groove Ball Bearing_2','706-2 6200ZZ 10x30x9mm Groove Ball Bearing','706-2 6200ZZ 10x30x9mm Groove Ball Bearing',#25,#791,$);
#799=PRODUCT_DEFINITION_SHAPE('','',#798);
#800=CONTEXT_DEPENDENT_SHAPE_REPRESENTATION(#797,#799);
#802=CARTESIAN_POINT('',(4.5,0.,0.));
#803=DIRECTION('',(1.,0.,0.));
#804=DIRECTION('',(0.,0.,-1.));
#805=AXIS2_PLACEMENT_3D('',#802,#803,#804);
#806=TOROIDAL_SURFACE('',#805,10.,2.778);
#807=CARTESIAN_POINT('',(4.5,0.,7.222));
#808=VERTEX_POINT('',#807);
#809=CARTESIAN_POINT('',(4.5,0.,-7.222));
#810=VERTEX_POINT('',#809);
#811=CARTESIAN_POINT('',(4.5,0.,0.));
#812=DIRECTION('',(-1.,0.,0.));
#813=DIRECTION('',(0.,0.,1.));
#814=AXIS2_PLACEMENT_3D('',#811,#812,#813);
#815=CIRCLE('',#814,7.222);
#816=EDGE_CURVE('',#808,#810,#815,.T.);
#817=ORIENTED_EDGE('',*,*,#816,.F.);
#818=CARTESIAN_POINT('',(7.150043102,0.,9.1666));
#819=VERTEX_POINT('',#818);
#820=CARTESIAN_POINT('',(4.5,0.,10.));
#821=DIRECTION('',(0.,-1.,0.));
#822=DIRECTION('',(0.,0.,1.));
#823=AXIS2_PLACEMENT_3D('',#820,#821,#822);
#824=CIRCLE('',#823,2.778);
#825=EDGE_CURVE('',#808,#819,#824,.T.);
#826=ORIENTED_EDGE('',*,*,#825,.T.);
#827=CARTESIAN_POINT('',(7.150043102,9.1666,-0.));
#828=VERTEX_POINT('',#827);
#829=CARTESIAN_POINT('',(7.150043102,0.,0.));
#830=DIRECTION('',(1.,0.,0.));
#831=DIRECTION('',(-0.,1.,0.));
#832=AXIS2_PLACEMENT_3D('',#829,#830,#831);
#833=CIRCLE('',#832,9.1666);
#834=EDGE_CURVE('',#828,#819,#833,.T.);
#835=ORIENTED_EDGE('',*,*,#834,.F.);
#836=CARTESIAN_POINT('',(7.150043102,-0.,-9.1666));
#837=VERTEX_POINT('',#836);
#838=CARTESIAN_POINT('',(7.150043102,0.,0.));
#839=DIRECTION('',(1.,0.,0.));
#840=DIRECTION('',(-0.,1.,0.));
#841=AXIS2_PLACEMENT_3D('',#838,#839,#840);
#842=CIRCLE('',#841,9.1666);
#843=EDGE_CURVE('',#837,#828,#842,.T.);
#844=ORIENTED_EDGE('',*,*,#843,.F.);
#845=CARTESIAN_POINT('',(4.5,-0.,-10.));
#846=DIRECTION('',(0.,-1.,0.));
#847=DIRECTION('',(0.,-0.,-1.));
#848=AXIS2_PLACEMENT_3D('',#845,#846,#847);
#849=CIRCLE('',#848,2.778);
#850=EDGE_CURVE('',#837,#810,#849,.T.);
#851=ORIENTED_EDGE('',*,*,#850,.T.);
#852=EDGE_LOOP('',(#817,#826,#835,#844,#851));
#853=FACE_BOUND('',#852,.T.);
#854=ADVANCED_FACE('',(#853),#806,.F.);
#855=CARTESIAN_POINT('',(4.5,0.,0.));
#856=DIRECTION('',(1.,0.,0.));
#857=DIRECTION('',(0.,0.,-1.));
#858=AXIS2_PLACEMENT_3D('',#855,#856,#857);
#859=TOROIDAL_SURFACE('',#858,10.,2.778);
#860=CARTESIAN_POINT('',(4.5,0.,0.));
#861=DIRECTION('',(-1.,0.,0.));
#862=DIRECTION('',(0.,0.,1.));
#863=AXIS2_PLACEMENT_3D('',#860,#861,#862);
#864=CIRCLE('',#863,7.222);
#865=EDGE_CURVE('',#810,#808,#864,.T.);
#866=ORIENTED_EDGE('',*,*,#865,.F.);
#867=ORIENTED_EDGE('',*,*,#850,.F.);
#868=CARTESIAN_POINT('',(7.150043102,-9.1666,0.));
#869=VERTEX_POINT('',#868);
#870=CARTESIAN_POINT('',(7.150043102,0.,0.));
#871=DIRECTION('',(1.,0.,0.));
#872=DIRECTION('',(-0.,1.,0.));
#873=AXIS2_PLACEMENT_3D('',#870,#871,#872);
#874=CIRCLE('',#873,9.1666);
#875=EDGE_CURVE('',#869,#837,#874,.T.);
#876=ORIENTED_EDGE('',*,*,#875,.F.);
#877=CARTESIAN_POINT('',(7.150043102,0.,0.));
#878=DIRECTION('',(1.,0.,0.));
#879=DIRECTION('',(-0.,1.,0.));
#880=AXIS2_PLACEMENT_3D('',#877,#878,#879);
#881=CIRCLE('',#880,9.1666);
#882=EDGE_CURVE('',#819,#869,#881,.T.);
#883=ORIENTED_EDGE('',*,*,#882,.F.);
#884=ORIENTED_EDGE('',*,*,#825,.F.);
#885=EDGE_LOOP('',(#866,#867,#876,#883,#884));
#886=FACE_BOUND('',#885,.T.);
#887=ADVANCED_FACE('',(#886),#859,.F.);
#888=CARTESIAN_POINT('',(4.5,0.,0.));
#889=DIRECTION('',(1.,0.,0.));
#890=DIRECTION('',(-0.,1.,0.));
#891=AXIS2_PLACEMENT_3D('',#888,#889,#890);
#892=CYLINDRICAL_SURFACE('',#891,5.);
#893=CARTESIAN_POINT('',(0.6,5.,0.));
#894=VERTEX_POINT('',#893);
#895=CARTESIAN_POINT('',(8.4,5.,0.));
#896=VERTEX_POINT('',#895);
#897=CARTESIAN_POINT('',(0.6,5.,0.));
#898=DIRECTION('',(1.,0.,-0.));
#899=VECTOR('',#898,7.8);
#900=LINE('',#897,#899);
#901=EDGE_CURVE('',#894,#896,#900,.T.);
#902=ORIENTED_EDGE('',*,*,#901,.F.);
#903=CARTESIAN_POINT('',(0.6,-0.,-5.));
#904=VERTEX_POINT('',#903);
#905=CARTESIAN_POINT('',(0.6,0.,0.));
#906=DIRECTION('',(1.,0.,0.));
#907=DIRECTION('',(-0.,1.,0.));
#908=AXIS2_PLACEMENT_3D('',#905,#906,#907);
#909=CIRCLE('',#908,5.);
#910=EDGE_CURVE('',#904,#894,#909,.T.);
#911=ORIENTED_EDGE('',*,*,#910,.F.);
#912=CARTESIAN_POINT('',(0.6,-5.,-0.));
#913=VERTEX_POINT('',#912);
#914=CARTESIAN_POINT('',(0.6,0.,0.));
#915=DIRECTION('',(1.,0.,0.));
#916=DIRECTION('',(-0.,1.,0.));
#917=AXIS2_PLACEMENT_3D('',#914,#915,#916);
#918=CIRCLE('',#917,5.);
#919=EDGE_CURVE('',#913,#904,#918,.T.);
#920=ORIENTED_EDGE('',*,*,#919,.F.);
#921=CARTESIAN_POINT('',(8.4,-5.,-0.));
#922=VERTEX_POINT('',#921);
#923=CARTESIAN_POINT('',(8.4,-5.,0.));
#924=DIRECTION('',(-1.,0.,0.));
#925=VECTOR('',#924,7.8);
#926=LINE('',#923,#925);
#927=EDGE_CURVE('',#922,#913,#926,.T.);
#928=ORIENTED_EDGE('',*,*,#927,.F.);
#929=CARTESIAN_POINT('',(8.4,-0.,-5.));
#930=VERTEX_POINT('',#929);
#931=CARTESIAN_POINT('',(8.4,0.,0.));
#932=DIRECTION('',(1.,0.,0.));
#933=DIRECTION('',(-0.,1.,0.));
#934=AXIS2_PLACEMENT_3D('',#931,#932,#933);
#935=CIRCLE('',#934,5.);
#936=EDGE_CURVE('',#922,#930,#935,.T.);
#937=ORIENTED_EDGE('',*,*,#936,.T.);
#938=CARTESIAN_POINT('',(8.4,0.,0.));
#939=DIRECTION('',(1.,0.,0.));
#940=DIRECTION('',(-0.,1.,0.));
#941=AXIS2_PLACEMENT_3D('',#938,#939,#940);
#942=CIRCLE('',#941,5.);
#943=EDGE_CURVE('',#930,#896,#942,.T.);
#944=ORIENTED_EDGE('',*,*,#943,.T.);
#945=EDGE_LOOP('',(#902,#911,#920,#928,#937,#944));
#946=FACE_BOUND('',#945,.T.);
#947=ADVANCED_FACE('',(#946),#892,.F.);
#948=CARTESIAN_POINT('',(8.4,0.,0.));
#949=DIRECTION('',(1.,0.,0.));
#950=DIRECTION('',(0.,0.,-1.));
#951=AXIS2_PLACEMENT_3D('',#948,#949,#950);
#952=TOROIDAL_SURFACE('',#951,5.6,0.6);
#953=CARTESIAN_POINT('',(9.,-0.,-5.6));
#954=VERTEX_POINT('',#953);
#955=CARTESIAN_POINT('',(8.4,-0.,-5.6));
#956=DIRECTION('',(0.,-1.,0.));
#957=DIRECTION('',(0.,-0.,-1.));
#958=AXIS2_PLACEMENT_3D('',#955,#956,#957);
#959=CIRCLE('',#958,0.6);
#960=EDGE_CURVE('',#954,#930,#959,.T.);
#961=ORIENTED_EDGE('',*,*,#960,.F.);
#962=CARTESIAN_POINT('',(9.,5.6,-0.));
#963=VERTEX_POINT('',#962);
#964=CARTESIAN_POINT('',(9.,0.,0.));
#965=DIRECTION('',(1.,0.,0.));
#966=DIRECTION('',(-0.,1.,0.));
#967=AXIS2_PLACEMENT_3D('',#964,#965,#966);
#968=CIRCLE('',#967,5.6);
#969=EDGE_CURVE('',#954,#963,#968,.T.);
#970=ORIENTED_EDGE('',*,*,#969,.T.);
#971=CARTESIAN_POINT('',(9.,0.,5.6));
#972=VERTEX_POINT('',#971);
#973=CARTESIAN_POINT('',(9.,0.,0.));
#974=DIRECTION('',(1.,0.,0.));
#975=DIRECTION('',(-0.,1.,0.));
#976=AXIS2_PLACEMENT_3D('',#973,#974,#975);
#977=CIRCLE('',#976,5.6);
#978=EDGE_CURVE('',#963,#972,#977,.T.);
#979=ORIENTED_EDGE('',*,*,#978,.T.);
#980=CARTESIAN_POINT('',(8.4,0.,5.));
#981=VERTEX_POINT('',#980);
#982=CARTESIAN_POINT('',(8.4,0.,5.6));
#983=DIRECTION('',(0.,-1.,0.));
#984=DIRECTION('',(0.,0.,1.));
#985=AXIS2_PLACEMENT_3D('',#982,#983,#984);
#986=CIRCLE('',#985,0.6);
#987=EDGE_CURVE('',#981,#972,#986,.T.);
#988=ORIENTED_EDGE('',*,*,#987,.F.);
#989=CARTESIAN_POINT('',(8.4,0.,0.));
#990=DIRECTION('',(1.,0.,0.));
#991=DIRECTION('',(-0.,1.,0.));
#992=AXIS2_PLACEMENT_3D('',#989,#990,#991);
#993=CIRCLE('',#992,5.);
#994=EDGE_CURVE('',#896,#981,#993,.T.);
#995=ORIENTED_EDGE('',*,*,#994,.F.);
#996=ORIENTED_EDGE('',*,*,#943,.F.);
#997=EDGE_LOOP('',(#961,#970,#979,#988,#995,#996));
#998=FACE_BOUND('',#997,.T.);
#999=ADVANCED_FACE('',(#998),#952,.T.);
#1000=CARTESIAN_POINT('',(8.775,0.,0.));
#1001=DIRECTION('',(1.,0.,0.));
#1002=DIRECTION('',(-0.,1.,0.));
#1003=AXIS2_PLACEMENT_3D('',#1000,#1001,#1002);
#1004=CYLINDRICAL_SURFACE('',#1003,7.45);
#1005=CARTESIAN_POINT('',(8.55,7.45,-0.));
#1006=VERTEX_POINT('',#1005);
#1007=CARTESIAN_POINT('',(9.,7.45,-0.));
#1008=VERTEX_POINT('',#1007);
#1009=CARTESIAN_POINT('',(8.55,7.45,0.));
#1010=DIRECTION('',(1.,0.,-0.));
#1011=VECTOR('',#1010,0.45);
#1012=LINE('',#1009,#1011);
#1013=EDGE_CURVE('',#1006,#1008,#1012,.T.);
#1014=ORIENTED_EDGE('',*,*,#1013,.F.);
#1015=CARTESIAN_POINT('',(8.55,-7.45,-0.));
#1016=VERTEX_POINT('',#1015);
#1017=CARTESIAN_POINT('',(8.55,0.,0.));
#1018=DIRECTION('',(1.,0.,0.));
#1019=DIRECTION('',(-0.,1.,0.));
#1020=AXIS2_PLACEMENT_3D('',#1017,#1018,#1019);
#1021=CIRCLE('',#1020,7.45);
#1022=EDGE_CURVE('',#1006,#1016,#1021,.T.);
#1023=ORIENTED_EDGE('',*,*,#1022,.T.);
#1024=CARTESIAN_POINT('',(9.,-7.45,0.));
#1025=VERTEX_POINT('',#1024);
#1026=CARTESIAN_POINT('',(9.,-7.45,0.));
#1027=DIRECTION('',(-1.,0.,0.));
#1028=VECTOR('',#1027,0.45);
#1029=LINE('',#1026,#1028);
#1030=EDGE_CURVE('',#1025,#1016,#1029,.T.);
#1031=ORIENTED_EDGE('',*,*,#1030,.F.);
#1032=CARTESIAN_POINT('',(9.,0.,0.));
#1033=DIRECTION('',(1.,0.,0.));
#1034=DIRECTION('',(-0.,1.,0.));
#1035=AXIS2_PLACEMENT_3D('',#1032,#1033,#1034);
#1036=CIRCLE('',#1035,7.45);
#1037=EDGE_CURVE('',#1008,#1025,#1036,.T.);
#1038=ORIENTED_EDGE('',*,*,#1037,.F.);
#1039=EDGE_LOOP('',(#1014,#1023,#1031,#1038));
#1040=FACE_BOUND('',#1039,.T.);
#1041=ADVANCED_FACE('',(#1040),#1004,.T.);
#1042=CARTESIAN_POINT('',(8.054460264,0.,0.));
#1043=DIRECTION('',(-1.,0.,0.));
#1044=DIRECTION('',(0.,1.,0.));
#1045=AXIS2_PLACEMENT_3D('',#1042,#1043,#1044);
#1046=CONICAL_SURFACE('',#1045,8.3083,60.);
#1047=CARTESIAN_POINT('',(7.558920528,9.1666,-0.));
#1048=VERTEX_POINT('',#1047);
#1049=CARTESIAN_POINT('',(7.558920528,9.1666,0.));
#1050=DIRECTION('',(0.5,-0.866025404,0.));
#1051=VECTOR('',#1050,1.982158944);
#1052=LINE('',#1049,#1051);
#1053=EDGE_CURVE('',#1048,#1006,#1052,.T.);
#1054=ORIENTED_EDGE('',*,*,#1053,.F.);
#1055=CARTESIAN_POINT('',(7.558920528,-9.1666,-0.));
#1056=VERTEX_POINT('',#1055);
#1057=CARTESIAN_POINT('',(7.558920528,0.,0.));
#1058=DIRECTION('',(1.,0.,0.));
#1059=DIRECTION('',(-0.,1.,0.));
#1060=AXIS2_PLACEMENT_3D('',#1057,#1058,#1059);
#1061=CIRCLE('',#1060,9.1666);
#1062=EDGE_CURVE('',#1048,#1056,#1061,.T.);
#1063=ORIENTED_EDGE('',*,*,#1062,.T.);
#1064=CARTESIAN_POINT('',(8.55,-7.45,0.));
#1065=DIRECTION('',(-0.5,-0.866025404,0.));
#1066=VECTOR('',#1065,1.982158944);
#1067=LINE('',#1064,#1066);
#1068=EDGE_CURVE('',#1016,#1056,#1067,.T.);
#1069=ORIENTED_EDGE('',*,*,#1068,.F.);
#1070=ORIENTED_EDGE('',*,*,#1022,.F.);
#1071=EDGE_LOOP('',(#1054,#1063,#1069,#1070));
#1072=FACE_BOUND('',#1071,.T.);
#1073=ADVANCED_FACE('',(#1072),#1046,.T.);
#1074=CARTESIAN_POINT('',(7.354481815,0.,0.));
#1075=DIRECTION('',(1.,0.,0.));
#1076=DIRECTION('',(-0.,1.,0.));
#1077=AXIS2_PLACEMENT_3D('',#1074,#1075,#1076);
#1078=CYLINDRICAL_SURFACE('',#1077,9.1666);
#1079=CARTESIAN_POINT('',(7.150043102,9.1666,0.));
#1080=DIRECTION('',(1.,0.,-0.));
#1081=VECTOR('',#1080,0.408877426);
#1082=LINE('',#1079,#1081);
#1083=EDGE_CURVE('',#828,#1048,#1082,.T.);
#1084=ORIENTED_EDGE('',*,*,#1083,.F.);
#1085=ORIENTED_EDGE('',*,*,#834,.T.);
#1086=ORIENTED_EDGE('',*,*,#882,.T.);
#1087=CARTESIAN_POINT('',(7.558920528,-9.1666,0.));
#1088=DIRECTION('',(-1.,0.,0.));
#1089=VECTOR('',#1088,0.408877426);
#1090=LINE('',#1087,#1089);
#1091=EDGE_CURVE('',#1056,#869,#1090,.T.);
#1092=ORIENTED_EDGE('',*,*,#1091,.F.);
#1093=ORIENTED_EDGE('',*,*,#1062,.F.);
#1094=EDGE_LOOP('',(#1084,#1085,#1086,#1092,#1093));
#1095=FACE_BOUND('',#1094,.T.);
#1096=ADVANCED_FACE('',(#1095),#1078,.T.);
#1097=CARTESIAN_POINT('',(4.5,0.,0.));
#1098=DIRECTION('',(1.,0.,0.));
#1099=DIRECTION('',(0.,0.,-1.));
#1100=AXIS2_PLACEMENT_3D('',#1097,#1098,#1099);
#1101=TOROIDAL_SURFACE('',#1100,10.,2.778);
#1102=ORIENTED_EDGE('',*,*,#865,.T.);
#1103=CARTESIAN_POINT('',(1.849956898,-0.,9.1666));
#1104=VERTEX_POINT('',#1103);
#1105=CARTESIAN_POINT('',(4.5,0.,10.));
#1106=DIRECTION('',(0.,-1.,0.));
#1107=DIRECTION('',(0.,0.,1.));
#1108=AXIS2_PLACEMENT_3D('',#1105,#1106,#1107);
#1109=CIRCLE('',#1108,2.778);
#1110=EDGE_CURVE('',#1104,#808,#1109,.T.);
#1111=ORIENTED_EDGE('',*,*,#1110,.F.);
#1112=CARTESIAN_POINT('',(1.849956898,-9.1666,0.));
#1113=VERTEX_POINT('',#1112);
#1114=CARTESIAN_POINT('',(1.849956898,0.,0.));
#1115=DIRECTION('',(1.,0.,0.));
#1116=DIRECTION('',(-0.,1.,0.));
#1117=AXIS2_PLACEMENT_3D('',#1114,#1115,#1116);
#1118=CIRCLE('',#1117,9.1666);
#1119=EDGE_CURVE('',#1104,#1113,#1118,.T.);
#1120=ORIENTED_EDGE('',*,*,#1119,.T.);
#1121=CARTESIAN_POINT('',(1.849956898,-0.,-9.1666));
#1122=VERTEX_POINT('',#1121);
#1123=CARTESIAN_POINT('',(1.849956898,0.,0.));
#1124=DIRECTION('',(1.,0.,0.));
#1125=DIRECTION('',(-0.,1.,0.));
#1126=AXIS2_PLACEMENT_3D('',#1123,#1124,#1125);
#1127=CIRCLE('',#1126,9.1666);
#1128=EDGE_CURVE('',#1113,#1122,#1127,.T.);
#1129=ORIENTED_EDGE('',*,*,#1128,.T.);
#1130=CARTESIAN_POINT('',(4.5,-0.,-10.));
#1131=DIRECTION('',(0.,-1.,0.));
#1132=DIRECTION('',(0.,-0.,-1.));
#1133=AXIS2_PLACEMENT_3D('',#1130,#1131,#1132);
#1134=CIRCLE('',#1133,2.778);
#1135=EDGE_CURVE('',#810,#1122,#1134,.T.);
#1136=ORIENTED_EDGE('',*,*,#1135,.F.);
#1137=EDGE_LOOP('',(#1102,#1111,#1120,#1129,#1136));
#1138=FACE_BOUND('',#1137,.T.);
#1139=ADVANCED_FACE('',(#1138),#1101,.F.);
#1140=CARTESIAN_POINT('',(1.645518185,0.,0.));
#1141=DIRECTION('',(1.,0.,0.));
#1142=DIRECTION('',(-0.,1.,0.));
#1143=AXIS2_PLACEMENT_3D('',#1140,#1141,#1142);
#1144=CYLINDRICAL_SURFACE('',#1143,9.1666);
#1145=CARTESIAN_POINT('',(1.441079472,9.1666,-0.));
#1146=VERTEX_POINT('',#1145);
#1147=CARTESIAN_POINT('',(1.849956898,9.1666,-0.));
#1148=VERTEX_POINT('',#1147);
#1149=CARTESIAN_POINT('',(1.441079472,9.1666,0.));
#1150=DIRECTION('',(1.,0.,-0.));
#1151=VECTOR('',#1150,0.408877426);
#1152=LINE('',#1149,#1151);
#1153=EDGE_CURVE('',#1146,#1148,#1152,.T.);
#1154=ORIENTED_EDGE('',*,*,#1153,.F.);
#1155=CARTESIAN_POINT('',(1.441079472,-9.1666,0.));
#1156=VERTEX_POINT('',#1155);
#1157=CARTESIAN_POINT('',(1.441079472,0.,0.));
#1158=DIRECTION('',(1.,0.,0.));
#1159=DIRECTION('',(-0.,1.,0.));
#1160=AXIS2_PLACEMENT_3D('',#1157,#1158,#1159);
#1161=CIRCLE('',#1160,9.1666);
#1162=EDGE_CURVE('',#1146,#1156,#1161,.T.);
#1163=ORIENTED_EDGE('',*,*,#1162,.T.);
#1164=CARTESIAN_POINT('',(1.849956898,-9.1666,0.));
#1165=DIRECTION('',(-1.,0.,0.));
#1166=VECTOR('',#1165,0.408877426);
#1167=LINE('',#1164,#1166);
#1168=EDGE_CURVE('',#1113,#1156,#1167,.T.);
#1169=ORIENTED_EDGE('',*,*,#1168,.F.);
#1170=ORIENTED_EDGE('',*,*,#1119,.F.);
#1171=CARTESIAN_POINT('',(1.849956898,0.,0.));
#1172=DIRECTION('',(1.,0.,0.));
#1173=DIRECTION('',(-0.,1.,0.));
#1174=AXIS2_PLACEMENT_3D('',#1171,#1172,#1173);
#1175=CIRCLE('',#1174,9.1666);
#1176=EDGE_CURVE('',#1148,#1104,#1175,.T.);
#1177=ORIENTED_EDGE('',*,*,#1176,.F.);
#1178=EDGE_LOOP('',(#1154,#1163,#1169,#1170,#1177));
#1179=FACE_BOUND('',#1178,.T.);
#1180=ADVANCED_FACE('',(#1179),#1144,.T.);
#1181=CARTESIAN_POINT('',(0.945539736,0.,0.));
#1182=DIRECTION('',(1.,0.,0.));
#1183=DIRECTION('',(-0.,1.,0.));
#1184=AXIS2_PLACEMENT_3D('',#1181,#1182,#1183);
#1185=CONICAL_SURFACE('',#1184,8.3083,60.);
#1186=CARTESIAN_POINT('',(0.45,7.45,-0.));
#1187=VERTEX_POINT('',#1186);
#1188=CARTESIAN_POINT('',(0.45,7.45,0.));
#1189=DIRECTION('',(0.5,0.866025404,0.));
#1190=VECTOR('',#1189,1.982158944);
#1191=LINE('',#1188,#1190);
#1192=EDGE_CURVE('',#1187,#1146,#1191,.T.);
#1193=ORIENTED_EDGE('',*,*,#1192,.F.);
#1194=CARTESIAN_POINT('',(0.45,-7.45,-0.));
#1195=VERTEX_POINT('',#1194);
#1196=CARTESIAN_POINT('',(0.45,0.,0.));
#1197=DIRECTION('',(1.,0.,0.));
#1198=DIRECTION('',(-0.,1.,0.));
#1199=AXIS2_PLACEMENT_3D('',#1196,#1197,#1198);
#1200=CIRCLE('',#1199,7.45);
#1201=EDGE_CURVE('',#1187,#1195,#1200,.T.);
#1202=ORIENTED_EDGE('',*,*,#1201,.T.);
#1203=CARTESIAN_POINT('',(1.441079472,-9.1666,0.));
#1204=DIRECTION('',(-0.5,0.866025404,-0.));
#1205=VECTOR('',#1204,1.982158944);
#1206=LINE('',#1203,#1205);
#1207=EDGE_CURVE('',#1156,#1195,#1206,.T.);
#1208=ORIENTED_EDGE('',*,*,#1207,.F.);
#1209=ORIENTED_EDGE('',*,*,#1162,.F.);
#1210=EDGE_LOOP('',(#1193,#1202,#1208,#1209));
#1211=FACE_BOUND('',#1210,.T.);
#1212=ADVANCED_FACE('',(#1211),#1185,.T.);
#1213=CARTESIAN_POINT('',(0.225,0.,0.));
#1214=DIRECTION('',(1.,0.,0.));
#1215=DIRECTION('',(-0.,1.,0.));
#1216=AXIS2_PLACEMENT_3D('',#1213,#1214,#1215);
#1217=CYLINDRICAL_SURFACE('',#1216,7.45);
#1218=CARTESIAN_POINT('',(0.,7.45,-0.));
#1219=VERTEX_POINT('',#1218);
#1220=CARTESIAN_POINT('',(0.,7.45,0.));
#1221=DIRECTION('',(1.,0.,-0.));
#1222=VECTOR('',#1221,0.45);
#1223=LINE('',#1220,#1222);
#1224=EDGE_CURVE('',#1219,#1187,#1223,.T.);
#1225=ORIENTED_EDGE('',*,*,#1224,.F.);
#1226=CARTESIAN_POINT('',(0.,-7.45,0.));
#1227=VERTEX_POINT('',#1226);
#1228=CARTESIAN_POINT('',(0.,0.,0.));
#1229=DIRECTION('',(1.,0.,0.));
#1230=DIRECTION('',(-0.,1.,0.));
#1231=AXIS2_PLACEMENT_3D('',#1228,#1229,#1230);
#1232=CIRCLE('',#1231,7.45);
#1233=EDGE_CURVE('',#1219,#1227,#1232,.T.);
#1234=ORIENTED_EDGE('',*,*,#1233,.T.);
#1235=CARTESIAN_POINT('',(0.45,-7.45,0.));
#1236=DIRECTION('',(-1.,0.,0.));
#1237=VECTOR('',#1236,0.45);
#1238=LINE('',#1235,#1237);
#1239=EDGE_CURVE('',#1195,#1227,#1238,.T.);
#1240=ORIENTED_EDGE('',*,*,#1239,.F.);
#1241=ORIENTED_EDGE('',*,*,#1201,.F.);
#1242=EDGE_LOOP('',(#1225,#1234,#1240,#1241));
#1243=FACE_BOUND('',#1242,.T.);
#1244=ADVANCED_FACE('',(#1243),#1217,.T.);
#1245=CARTESIAN_POINT('',(0.6,0.,0.));
#1246=DIRECTION('',(1.,0.,0.));
#1247=DIRECTION('',(0.,0.,-1.));
#1248=AXIS2_PLACEMENT_3D('',#1245,#1246,#1247);
#1249=TOROIDAL_SURFACE('',#1248,5.6,0.6);
#1250=CARTESIAN_POINT('',(0.,-0.,-5.6));
#1251=VERTEX_POINT('',#1250);
#1252=CARTESIAN_POINT('',(0.6,-0.,-5.6));
#1253=DIRECTION('',(0.,-1.,0.));
#1254=DIRECTION('',(0.,-0.,-1.));
#1255=AXIS2_PLACEMENT_3D('',#1252,#1253,#1254);
#1256=CIRCLE('',#1255,0.6);
#1257=EDGE_CURVE('',#904,#1251,#1256,.T.);
#1258=ORIENTED_EDGE('',*,*,#1257,.F.);
#1259=ORIENTED_EDGE('',*,*,#910,.T.);
#1260=CARTESIAN_POINT('',(0.6,0.,5.));
#1261=VERTEX_POINT('',#1260);
#1262=CARTESIAN_POINT('',(0.6,0.,0.));
#1263=DIRECTION('',(1.,0.,0.));
#1264=DIRECTION('',(-0.,1.,0.));
#1265=AXIS2_PLACEMENT_3D('',#1262,#1263,#1264);
#1266=CIRCLE('',#1265,5.);
#1267=EDGE_CURVE('',#894,#1261,#1266,.T.);
#1268=ORIENTED_EDGE('',*,*,#1267,.T.);
#1269=CARTESIAN_POINT('',(0.,0.,5.6));
#1270=VERTEX_POINT('',#1269);
#1271=CARTESIAN_POINT('',(0.6,0.,5.6));
#1272=DIRECTION('',(0.,-1.,0.));
#1273=DIRECTION('',(0.,0.,1.));
#1274=AXIS2_PLACEMENT_3D('',#1271,#1272,#1273);
#1275=CIRCLE('',#1274,0.6);
#1276=EDGE_CURVE('',#1270,#1261,#1275,.T.);
#1277=ORIENTED_EDGE('',*,*,#1276,.F.);
#1278=CARTESIAN_POINT('',(0.,5.6,-0.));
#1279=VERTEX_POINT('',#1278);
#1280=CARTESIAN_POINT('',(0.,0.,0.));
#1281=DIRECTION('',(1.,0.,0.));
#1282=DIRECTION('',(-0.,1.,0.));
#1283=AXIS2_PLACEMENT_3D('',#1280,#1281,#1282);
#1284=CIRCLE('',#1283,5.6);
#1285=EDGE_CURVE('',#1279,#1270,#1284,.T.);
#1286=ORIENTED_EDGE('',*,*,#1285,.F.);
#1287=CARTESIAN_POINT('',(0.,0.,0.));
#1288=DIRECTION('',(1.,0.,0.));
#1289=DIRECTION('',(-0.,1.,0.));
#1290=AXIS2_PLACEMENT_3D('',#1287,#1288,#1289);
#1291=CIRCLE('',#1290,5.6);
#1292=EDGE_CURVE('',#1251,#1279,#1291,.T.);
#1293=ORIENTED_EDGE('',*,*,#1292,.F.);
#1294=EDGE_LOOP('',(#1258,#1259,#1268,#1277,#1286,#1293));
#1295=FACE_BOUND('',#1294,.T.);
#1296=ADVANCED_FACE('',(#1295),#1249,.T.);
#1297=CARTESIAN_POINT('',(0.6,0.,0.));
#1298=DIRECTION('',(1.,0.,0.));
#1299=DIRECTION('',(0.,0.,-1.));
#1300=AXIS2_PLACEMENT_3D('',#1297,#1298,#1299);
#1301=TOROIDAL_SURFACE('',#1300,5.6,0.6);
#1302=ORIENTED_EDGE('',*,*,#1257,.T.);
#1303=CARTESIAN_POINT('',(0.,0.,0.));
#1304=DIRECTION('',(1.,0.,0.));
#1305=DIRECTION('',(-0.,1.,0.));
#1306=AXIS2_PLACEMENT_3D('',#1303,#1304,#1305);
#1307=CIRCLE('',#1306,5.6);
#1308=EDGE_CURVE('',#1270,#1251,#1307,.T.);
#1309=ORIENTED_EDGE('',*,*,#1308,.F.);
#1310=ORIENTED_EDGE('',*,*,#1276,.T.);
#1311=CARTESIAN_POINT('',(0.6,0.,0.));
#1312=DIRECTION('',(1.,0.,0.));
#1313=DIRECTION('',(-0.,1.,0.));
#1314=AXIS2_PLACEMENT_3D('',#1311,#1312,#1313);
#1315=CIRCLE('',#1314,5.);
#1316=EDGE_CURVE('',#1261,#913,#1315,.T.);
#1317=ORIENTED_EDGE('',*,*,#1316,.T.);
#1318=ORIENTED_EDGE('',*,*,#919,.T.);
#1319=EDGE_LOOP('',(#1302,#1309,#1310,#1317,#1318));
#1320=FACE_BOUND('',#1319,.T.);
#1321=ADVANCED_FACE('',(#1320),#1301,.T.);
#1322=CARTESIAN_POINT('',(0.,6.525,0.));
#1323=DIRECTION('',(-1.,0.,0.));
#1324=DIRECTION('',(0.,-1.,0.));
#1325=AXIS2_PLACEMENT_3D('',#1322,#1323,#1324);
#1326=PLANE('',#1325);
#1327=ORIENTED_EDGE('',*,*,#1233,.F.);
#1328=CARTESIAN_POINT('',(0.,0.,0.));
#1329=DIRECTION('',(1.,0.,0.));
#1330=DIRECTION('',(-0.,1.,0.));
#1331=AXIS2_PLACEMENT_3D('',#1328,#1329,#1330);
#1332=CIRCLE('',#1331,7.45);
#1333=EDGE_CURVE('',#1227,#1219,#1332,.T.);
#1334=ORIENTED_EDGE('',*,*,#1333,.F.);
#1335=EDGE_LOOP('',(#1327,#1334));
#1336=FACE_BOUND('',#1335,.T.);
#1337=ORIENTED_EDGE('',*,*,#1285,.T.);
#1338=ORIENTED_EDGE('',*,*,#1308,.T.);
#1339=ORIENTED_EDGE('',*,*,#1292,.T.);
#1340=EDGE_LOOP('',(#1337,#1338,#1339));
#1341=FACE_BOUND('',#1340,.T.);
#1342=ADVANCED_FACE('',(#1336,#1341),#1326,.T.);
#1343=CARTESIAN_POINT('',(0.225,0.,0.));
#1344=DIRECTION('',(1.,0.,0.));
#1345=DIRECTION('',(-0.,1.,0.));
#1346=AXIS2_PLACEMENT_3D('',#1343,#1344,#1345);
#1347=CYLINDRICAL_SURFACE('',#1346,7.45);
#1348=ORIENTED_EDGE('',*,*,#1224,.T.);
#1349=CARTESIAN_POINT('',(0.45,0.,0.));
#1350=DIRECTION('',(1.,0.,0.));
#1351=DIRECTION('',(-0.,1.,0.));
#1352=AXIS2_PLACEMENT_3D('',#1349,#1350,#1351);
#1353=CIRCLE('',#1352,7.45);
#1354=EDGE_CURVE('',#1195,#1187,#1353,.T.);
#1355=ORIENTED_EDGE('',*,*,#1354,.F.);
#1356=ORIENTED_EDGE('',*,*,#1239,.T.);
#1357=ORIENTED_EDGE('',*,*,#1333,.T.);
#1358=EDGE_LOOP('',(#1348,#1355,#1356,#1357));
#1359=FACE_BOUND('',#1358,.T.);
#1360=ADVANCED_FACE('',(#1359),#1347,.T.);
#1361=CARTESIAN_POINT('',(0.945539736,0.,0.));
#1362=DIRECTION('',(1.,0.,0.));
#1363=DIRECTION('',(-0.,1.,0.));
#1364=AXIS2_PLACEMENT_3D('',#1361,#1362,#1363);
#1365=CONICAL_SURFACE('',#1364,8.3083,60.);
#1366=ORIENTED_EDGE('',*,*,#1192,.T.);
#1367=CARTESIAN_POINT('',(1.441079472,0.,0.));
#1368=DIRECTION('',(1.,0.,0.));
#1369=DIRECTION('',(-0.,1.,0.));
#1370=AXIS2_PLACEMENT_3D('',#1367,#1368,#1369);
#1371=CIRCLE('',#1370,9.1666);
#1372=EDGE_CURVE('',#1156,#1146,#1371,.T.);
#1373=ORIENTED_EDGE('',*,*,#1372,.F.);
#1374=ORIENTED_EDGE('',*,*,#1207,.T.);
#1375=ORIENTED_EDGE('',*,*,#1354,.T.);
#1376=EDGE_LOOP('',(#1366,#1373,#1374,#1375));
#1377=FACE_BOUND('',#1376,.T.);
#1378=ADVANCED_FACE('',(#1377),#1365,.T.);
#1379=CARTESIAN_POINT('',(1.645518185,0.,0.));
#1380=DIRECTION('',(1.,0.,0.));
#1381=DIRECTION('',(-0.,1.,0.));
#1382=AXIS2_PLACEMENT_3D('',#1379,#1380,#1381);
#1383=CYLINDRICAL_SURFACE('',#1382,9.1666);
#1384=ORIENTED_EDGE('',*,*,#1153,.T.);
#1385=CARTESIAN_POINT('',(1.849956898,0.,0.));
#1386=DIRECTION('',(1.,0.,0.));
#1387=DIRECTION('',(-0.,1.,0.));
#1388=AXIS2_PLACEMENT_3D('',#1385,#1386,#1387);
#1389=CIRCLE('',#1388,9.1666);
#1390=EDGE_CURVE('',#1122,#1148,#1389,.T.);
#1391=ORIENTED_EDGE('',*,*,#1390,.F.);
#1392=ORIENTED_EDGE('',*,*,#1128,.F.);
#1393=ORIENTED_EDGE('',*,*,#1168,.T.);
#1394=ORIENTED_EDGE('',*,*,#1372,.T.);
#1395=EDGE_LOOP('',(#1384,#1391,#1392,#1393,#1394));
#1396=FACE_BOUND('',#1395,.T.);
#1397=ADVANCED_FACE('',(#1396),#1383,.T.);
#1398=CARTESIAN_POINT('',(4.5,0.,0.));
#1399=DIRECTION('',(1.,0.,0.));
#1400=DIRECTION('',(0.,0.,-1.));
#1401=AXIS2_PLACEMENT_3D('',#1398,#1399,#1400);
#1402=TOROIDAL_SURFACE('',#1401,10.,2.778);
#1403=ORIENTED_EDGE('',*,*,#816,.T.);
#1404=ORIENTED_EDGE('',*,*,#1135,.T.);
#1405=ORIENTED_EDGE('',*,*,#1390,.T.);
#1406=ORIENTED_EDGE('',*,*,#1176,.T.);
#1407=ORIENTED_EDGE('',*,*,#1110,.T.);
#1408=EDGE_LOOP('',(#1403,#1404,#1405,#1406,#1407));
#1409=FACE_BOUND('',#1408,.T.);
#1410=ADVANCED_FACE('',(#1409),#1402,.F.);
#1411=CARTESIAN_POINT('',(7.354481815,0.,0.));
#1412=DIRECTION('',(1.,0.,0.));
#1413=DIRECTION('',(-0.,1.,0.));
#1414=AXIS2_PLACEMENT_3D('',#1411,#1412,#1413);
#1415=CYLINDRICAL_SURFACE('',#1414,9.1666);
#1416=ORIENTED_EDGE('',*,*,#1083,.T.);
#1417=CARTESIAN_POINT('',(7.558920528,0.,0.));
#1418=DIRECTION('',(1.,0.,0.));
#1419=DIRECTION('',(-0.,1.,0.));
#1420=AXIS2_PLACEMENT_3D('',#1417,#1418,#1419);
#1421=CIRCLE('',#1420,9.1666);
#1422=EDGE_CURVE('',#1056,#1048,#1421,.T.);
#1423=ORIENTED_EDGE('',*,*,#1422,.F.);
#1424=ORIENTED_EDGE('',*,*,#1091,.T.);
#1425=ORIENTED_EDGE('',*,*,#875,.T.);
#1426=ORIENTED_EDGE('',*,*,#843,.T.);
#1427=EDGE_LOOP('',(#1416,#1423,#1424,#1425,#1426));
#1428=FACE_BOUND('',#1427,.T.);
#1429=ADVANCED_FACE('',(#1428),#1415,.T.);
#1430=CARTESIAN_POINT('',(8.054460264,0.,0.));
#1431=DIRECTION('',(-1.,0.,0.));
#1432=DIRECTION('',(0.,1.,0.));
#1433=AXIS2_PLACEMENT_3D('',#1430,#1431,#1432);
#1434=CONICAL_SURFACE('',#1433,8.3083,60.);
#1435=ORIENTED_EDGE('',*,*,#1053,.T.);
#1436=CARTESIAN_POINT('',(8.55,0.,0.));
#1437=DIRECTION('',(1.,0.,0.));
#1438=DIRECTION('',(-0.,1.,0.));
#1439=AXIS2_PLACEMENT_3D('',#1436,#1437,#1438);
#1440=CIRCLE('',#1439,7.45);
#1441=EDGE_CURVE('',#1016,#1006,#1440,.T.);
#1442=ORIENTED_EDGE('',*,*,#1441,.F.);
#1443=ORIENTED_EDGE('',*,*,#1068,.T.);
#1444=ORIENTED_EDGE('',*,*,#1422,.T.);
#1445=EDGE_LOOP('',(#1435,#1442,#1443,#1444));
#1446=FACE_BOUND('',#1445,.T.);
#1447=ADVANCED_FACE('',(#1446),#1434,.T.);
#1448=CARTESIAN_POINT('',(8.775,0.,0.));
#1449=DIRECTION('',(1.,0.,0.));
#1450=DIRECTION('',(-0.,1.,0.));
#1451=AXIS2_PLACEMENT_3D('',#1448,#1449,#1450);
#1452=CYLINDRICAL_SURFACE('',#1451,7.45);
#1453=ORIENTED_EDGE('',*,*,#1013,.T.);
#1454=CARTESIAN_POINT('',(9.,0.,0.));
#1455=DIRECTION('',(1.,0.,0.));
#1456=DIRECTION('',(-0.,1.,0.));
#1457=AXIS2_PLACEMENT_3D('',#1454,#1455,#1456);
#1458=CIRCLE('',#1457,7.45);
#1459=EDGE_CURVE('',#1025,#1008,#1458,.T.);
#1460=ORIENTED_EDGE('',*,*,#1459,.F.);
#1461=ORIENTED_EDGE('',*,*,#1030,.T.);
#1462=ORIENTED_EDGE('',*,*,#1441,.T.);
#1463=EDGE_LOOP('',(#1453,#1460,#1461,#1462));
#1464=FACE_BOUND('',#1463,.T.);
#1465=ADVANCED_FACE('',(#1464),#1452,.T.);
#1466=CARTESIAN_POINT('',(9.,6.525,0.));
#1467=DIRECTION('',(1.,0.,0.));
#1468=DIRECTION('',(0.,1.,0.));
#1469=AXIS2_PLACEMENT_3D('',#1466,#1467,#1468);
#1470=PLANE('',#1469);
#1471=ORIENTED_EDGE('',*,*,#978,.F.);
#1472=ORIENTED_EDGE('',*,*,#969,.F.);
#1473=CARTESIAN_POINT('',(9.,0.,0.));
#1474=DIRECTION('',(1.,0.,0.));
#1475=DIRECTION('',(-0.,1.,0.));
#1476=AXIS2_PLACEMENT_3D('',#1473,#1474,#1475);
#1477=CIRCLE('',#1476,5.6);
#1478=EDGE_CURVE('',#972,#954,#1477,.T.);
#1479=ORIENTED_EDGE('',*,*,#1478,.F.);
#1480=EDGE_LOOP('',(#1471,#1472,#1479));
#1481=FACE_BOUND('',#1480,.T.);
#1482=ORIENTED_EDGE('',*,*,#1037,.T.);
#1483=ORIENTED_EDGE('',*,*,#1459,.T.);
#1484=EDGE_LOOP('',(#1482,#1483));
#1485=FACE_BOUND('',#1484,.T.);
#1486=ADVANCED_FACE('',(#1481,#1485),#1470,.T.);
#1487=CARTESIAN_POINT('',(8.4,0.,0.));
#1488=DIRECTION('',(1.,0.,0.));
#1489=DIRECTION('',(0.,0.,-1.));
#1490=AXIS2_PLACEMENT_3D('',#1487,#1488,#1489);
#1491=TOROIDAL_SURFACE('',#1490,5.6,0.6);
#1492=ORIENTED_EDGE('',*,*,#960,.T.);
#1493=ORIENTED_EDGE('',*,*,#936,.F.);
#1494=CARTESIAN_POINT('',(8.4,0.,0.));
#1495=DIRECTION('',(1.,0.,0.));
#1496=DIRECTION('',(-0.,1.,0.));
#1497=AXIS2_PLACEMENT_3D('',#1494,#1495,#1496);
#1498=CIRCLE('',#1497,5.);
#1499=EDGE_CURVE('',#981,#922,#1498,.T.);
#1500=ORIENTED_EDGE('',*,*,#1499,.F.);
#1501=ORIENTED_EDGE('',*,*,#987,.T.);
#1502=ORIENTED_EDGE('',*,*,#1478,.T.);
#1503=EDGE_LOOP('',(#1492,#1493,#1500,#1501,#1502));
#1504=FACE_BOUND('',#1503,.T.);
#1505=ADVANCED_FACE('',(#1504),#1491,.T.);
#1506=CARTESIAN_POINT('',(4.5,0.,0.));
#1507=DIRECTION('',(1.,0.,0.));
#1508=DIRECTION('',(-0.,1.,0.));
#1509=AXIS2_PLACEMENT_3D('',#1506,#1507,#1508);
#1510=CYLINDRICAL_SURFACE('',#1509,5.);
#1511=ORIENTED_EDGE('',*,*,#901,.T.);
#1512=ORIENTED_EDGE('',*,*,#994,.T.);
#1513=ORIENTED_EDGE('',*,*,#1499,.T.);
#1514=ORIENTED_EDGE('',*,*,#927,.T.);
#1515=ORIENTED_EDGE('',*,*,#1316,.F.);
#1516=ORIENTED_EDGE('',*,*,#1267,.F.);
#1517=EDGE_LOOP('',(#1511,#1512,#1513,#1514,#1515,#1516));
#1518=FACE_BOUND('',#1517,.T.);
#1519=ADVANCED_FACE('',(#1518),#1510,.F.);
#1520=CLOSED_SHELL('',(#854,#887,#947,#999,#1041,#1073,#1096,#1139,#1180,#1212,#1244,#1296,#1321,#1342,#1360,#1378,#1397,#1410,#1429,#1447,#1465,#1486,#1505,#1519));
#1521=MANIFOLD_SOLID_BREP('snr_6200zzc3_0_2',#1520);
#801=STYLED_ITEM('',(#741),#1521);
#1522=INTEGER_REPRESENTATION_ITEM('ATTRIB_BOUNDING_BOX_ALGORITHM',3);
#1523=ID_ATTRIBUTE('SA #1524',#1524);
#1524=SHAPE_ASPECT('properties','',#789,.F.);
#1525=GEOMETRIC_ITEM_SPECIFIC_USAGE('','properties',#1524,#783,#1521);
#1526=PROPERTY_DEFINITION('ATTRIB_BOUNDING_BOX_ALGORITHM','',#1524);
#1527=REPRESENTATION('',(#1522),#780);
#1528=PROPERTY_DEFINITION_REPRESENTATION(#1526,#1527);
#1529=GENERAL_PROPERTY('','ATTRIB_BOUNDING_BOX_ALGORITHM','');
#1530=GENERAL_PROPERTY_ASSOCIATION('','',#1529,#1526);
#1531=CONTEXT_DEPENDENT_OVER_RIDING_STYLED_ITEM('',(#741),#782,#801,(#797));
#782=SHAPE_REPRESENTATION('706-2 6200ZZ 10x30x9mm Groove Ball Bearing',(#15),#780);
#783=ADVANCED_BREP_SHAPE_REPRESENTATION('706-2 6200ZZ 10x30x9mm Groove Ball Bearing',(#1521),#780);
#1539=SHAPE_REPRESENTATION_RELATIONSHIP('','',#782,#783);
#1540=CARTESIAN_POINT('',(0.,0.,0.));
#1541=DIRECTION('',(0.,0.,1.));
#1542=DIRECTION('',(1.,0.,0.));
#1543=AXIS2_PLACEMENT_3D('',#1540,#1541,#1542);
#1545=MAPPED_ITEM('',#1544,#1543);
#1544=REPRESENTATION_MAP(#1543,#782);
#790=PRODUCT('706-2 6200ZZ 10x30x9mm Groove Ball Bearing','706-2 6200ZZ 10x30x9mm Groove Ball Bearing','',(#768));
#1546=PRODUCT_RELATED_PRODUCT_CATEGORY('part','',(#790));
#1547=PRODUCT_DEFINITION_FORMATION_WITH_SPECIFIED_SOURCE('','',#790,.NOT_KNOWN.);
#791=PRODUCT_DEFINITION('design','',#1547,#769);
#789=PRODUCT_DEFINITION_SHAPE('','',#791);
#1548=SHAPE_DEFINITION_REPRESENTATION(#789,#782);
#781=DRAUGHTING_MODEL('',(#1545),#780);
#1549=(NAMED_UNIT(*)PLANE_ANGLE_UNIT()SI_UNIT($,.RADIAN.));
#1550=PLANE_ANGLE_MEASURE_WITH_UNIT(PLANE_ANGLE_MEASURE(0.0174532925),#1549);
#1551=(CONVERSION_BASED_UNIT('DEGREE',#1550)NAMED_UNIT(#1552)PLANE_ANGLE_UNIT());
#1552=DIMENSIONAL_EXPONENTS(0.,0.,0.,0.,0.,0.,0.);
#1553=(NAMED_UNIT(*)SI_UNIT($,.STERADIAN.)SOLID_ANGLE_UNIT());
#1554=(LENGTH_UNIT()NAMED_UNIT(*)SI_UNIT(.MILLI.,.METRE.));
#1555=UNCERTAINTY_MEASURE_WITH_UNIT(LENGTH_MEASURE(1.000000E-06),#1554,'DISTANCE_ACCURACY_VALUE','Maximum Tolerance applied to model');
#1556=(GEOMETRIC_REPRESENTATION_CONTEXT(3)GLOBAL_UNCERTAINTY_ASSIGNED_CONTEXT((#1555))GLOBAL_UNIT_ASSIGNED_CONTEXT((#1554,#1551,#1553))REPRESENTATION_CONTEXT('','706-3 6200ZZ 10x30x9mm Groove Ball Bearing'));
#1568=CARTESIAN_POINT('',(0.,0.,0.));
#1569=DIRECTION('',(0.,0.,1.));
#1570=DIRECTION('',(1.,0.,-0.));
#1571=AXIS2_PLACEMENT_3D('',#1568,#1569,#1570);
#1572=ITEM_DEFINED_TRANSFORMATION('','',#1571,#15);
#1573=(REPRESENTATION_RELATIONSHIP('','',#1558,#16)REPRESENTATION_RELATIONSHIP_WITH_TRANSFORMATION(#1572)SHAPE_REPRESENTATION_RELATIONSHIP());
#1574=NEXT_ASSEMBLY_USAGE_OCCURRENCE('706-3 6200ZZ 10x30x9mm Groove Ball Bearing_3','706-3 6200ZZ 10x30x9mm Groove Ball Bearing','706-3 6200ZZ 10x30x9mm Groove Ball Bearing',#25,#1567,$);
#1575=PRODUCT_DEFINITION_SHAPE('','',#1574);
#1576=CONTEXT_DEPENDENT_SHAPE_REPRESENTATION(#1573,#1575);
#1578=CARTESIAN_POINT('',(4.5,0.,0.));
#1579=DIRECTION('',(1.,0.,0.));
#1580=DIRECTION('',(0.,0.,-1.));
#1581=AXIS2_PLACEMENT_3D('',#1578,#1579,#1580);
#1582=TOROIDAL_SURFACE('',#1581,10.,2.778);
#1583=CARTESIAN_POINT('',(4.5,0.,12.778));
#1584=VERTEX_POINT('',#1583);
#1585=CARTESIAN_POINT('',(4.5,-0.,-12.778));
#1586=VERTEX_POINT('',#1585);
#1587=CARTESIAN_POINT('',(4.5,0.,-0.));
#1588=DIRECTION('',(1.,0.,0.));
#1589=DIRECTION('',(0.,0.,-1.));
#1590=AXIS2_PLACEMENT_3D('',#1587,#1588,#1589);
#1591=CIRCLE('',#1590,12.778);
#1592=EDGE_CURVE('',#1584,#1586,#1591,.T.);
#1593=ORIENTED_EDGE('',*,*,#1592,.F.);
#1594=CARTESIAN_POINT('',(4.5,0.,7.222));
#1595=VERTEX_POINT('',#1594);
#1596=CARTESIAN_POINT('',(4.5,0.,10.));
#1597=DIRECTION('',(-0.,-1.,0.));
#1598=DIRECTION('',(-0.,0.,1.));
#1599=AXIS2_PLACEMENT_3D('',#1596,#1597,#1598);
#1600=CIRCLE('',#1599,2.778);
#1601=EDGE_CURVE('',#1584,#1595,#1600,.T.);
#1602=ORIENTED_EDGE('',*,*,#1601,.T.);
#1603=CARTESIAN_POINT('',(4.5,0.,-7.222));
#1604=VERTEX_POINT('',#1603);
#1605=CARTESIAN_POINT('',(4.5,0.,-0.));
#1606=DIRECTION('',(-1.,0.,-0.));
#1607=DIRECTION('',(0.,0.,-1.));
#1608=AXIS2_PLACEMENT_3D('',#1605,#1606,#1607);
#1609=CIRCLE('',#1608,7.222);
#1610=EDGE_CURVE('',#1604,#1595,#1609,.T.);
#1611=ORIENTED_EDGE('',*,*,#1610,.F.);
#1612=CARTESIAN_POINT('',(4.5,-0.,-10.));
#1613=DIRECTION('',(-0.,-1.,0.));
#1614=DIRECTION('',(0.,-0.,-1.));
#1615=AXIS2_PLACEMENT_3D('',#1612,#1613,#1614);
#1616=CIRCLE('',#1615,2.778);
#1617=EDGE_CURVE('',#1604,#1586,#1616,.T.);
#1618=ORIENTED_EDGE('',*,*,#1617,.T.);
#1619=EDGE_LOOP('',(#1593,#1602,#1611,#1618));
#1620=FACE_BOUND('',#1619,.T.);
#1621=ADVANCED_FACE('',(#1620),#1582,.T.);
#1622=CARTESIAN_POINT('',(4.5,0.,0.));
#1623=DIRECTION('',(1.,0.,0.));
#1624=DIRECTION('',(0.,0.,-1.));
#1625=AXIS2_PLACEMENT_3D('',#1622,#1623,#1624);
#1626=TOROIDAL_SURFACE('',#1625,10.,2.778);
#1627=CARTESIAN_POINT('',(4.5,0.,-0.));
#1628=DIRECTION('',(1.,0.,0.));
#1629=DIRECTION('',(0.,0.,-1.));
#1630=AXIS2_PLACEMENT_3D('',#1627,#1628,#1629);
#1631=CIRCLE('',#1630,12.778);
#1632=EDGE_CURVE('',#1586,#1584,#1631,.T.);
#1633=ORIENTED_EDGE('',*,*,#1632,.F.);
#1634=ORIENTED_EDGE('',*,*,#1617,.F.);
#1635=CARTESIAN_POINT('',(4.5,0.,-0.));
#1636=DIRECTION('',(-1.,0.,-0.));
#1637=DIRECTION('',(0.,0.,-1.));
#1638=AXIS2_PLACEMENT_3D('',#1635,#1636,#1637);
#1639=CIRCLE('',#1638,7.222);
#1640=EDGE_CURVE('',#1595,#1604,#1639,.T.);
#1641=ORIENTED_EDGE('',*,*,#1640,.F.);
#1642=ORIENTED_EDGE('',*,*,#1601,.F.);
#1643=EDGE_LOOP('',(#1633,#1634,#1641,#1642));
#1644=FACE_BOUND('',#1643,.T.);
#1645=ADVANCED_FACE('',(#1644),#1626,.T.);
#1646=CARTESIAN_POINT('',(4.5,0.,0.));
#1647=DIRECTION('',(1.,0.,0.));
#1648=DIRECTION('',(0.,0.,-1.));
#1649=AXIS2_PLACEMENT_3D('',#1646,#1647,#1648);
#1650=TOROIDAL_SURFACE('',#1649,10.,2.778);
#1651=ORIENTED_EDGE('',*,*,#1632,.T.);
#1652=CARTESIAN_POINT('',(4.5,0.,10.));
#1653=DIRECTION('',(-0.,-1.,0.));
#1654=DIRECTION('',(-0.,0.,1.));
#1655=AXIS2_PLACEMENT_3D('',#1652,#1653,#1654);
#1656=CIRCLE('',#1655,2.778);
#1657=EDGE_CURVE('',#1595,#1584,#1656,.T.);
#1658=ORIENTED_EDGE('',*,*,#1657,.F.);
#1659=ORIENTED_EDGE('',*,*,#1640,.T.);
#1660=CARTESIAN_POINT('',(4.5,-0.,-10.));
#1661=DIRECTION('',(-0.,-1.,0.));
#1662=DIRECTION('',(0.,-0.,-1.));
#1663=AXIS2_PLACEMENT_3D('',#1660,#1661,#1662);
#1664=CIRCLE('',#1663,2.778);
#1665=EDGE_CURVE('',#1586,#1604,#1664,.T.);
#1666=ORIENTED_EDGE('',*,*,#1665,.F.);
#1667=EDGE_LOOP('',(#1651,#1658,#1659,#1666));
#1668=FACE_BOUND('',#1667,.T.);
#1669=ADVANCED_FACE('',(#1668),#1650,.T.);
#1670=CARTESIAN_POINT('',(4.5,0.,0.));
#1671=DIRECTION('',(1.,0.,0.));
#1672=DIRECTION('',(0.,0.,-1.));
#1673=AXIS2_PLACEMENT_3D('',#1670,#1671,#1672);
#1674=TOROIDAL_SURFACE('',#1673,10.,2.778);
#1675=ORIENTED_EDGE('',*,*,#1592,.T.);
#1676=ORIENTED_EDGE('',*,*,#1665,.T.);
#1677=ORIENTED_EDGE('',*,*,#1610,.T.);
#1678=ORIENTED_EDGE('',*,*,#1657,.T.);
#1679=EDGE_LOOP('',(#1675,#1676,#1677,#1678));
#1680=FACE_BOUND('',#1679,.T.);
#1681=ADVANCED_FACE('',(#1680),#1674,.T.);
#1682=CLOSED_SHELL('',(#1621,#1645,#1669,#1681));
#1683=MANIFOLD_SOLID_BREP('snr_6200zzc3_0_3',#1682);
#1577=STYLED_ITEM('',(#741),#1683);
#1684=INTEGER_REPRESENTATION_ITEM('ATTRIB_BOUNDING_BOX_ALGORITHM',3);
#1685=ID_ATTRIBUTE('SA #1686',#1686);
#1686=SHAPE_ASPECT('properties','',#1565,.F.);
#1687=GEOMETRIC_ITEM_SPECIFIC_USAGE('','properties',#1686,#1559,#1683);
#1688=PROPERTY_DEFINITION('ATTRIB_BOUNDING_BOX_ALGORITHM','',#1686);
#1689=REPRESENTATION('',(#1684),#1556);
#1690=PROPERTY_DEFINITION_REPRESENTATION(#1688,#1689);
#1691=GENERAL_PROPERTY('','ATTRIB_BOUNDING_BOX_ALGORITHM','');
#1692=GENERAL_PROPERTY_ASSOCIATION('','',#1691,#1688);
#1693=CONTEXT_DEPENDENT_OVER_RIDING_STYLED_ITEM('',(#741),#1558,#1577,(#1573));
#1558=SHAPE_REPRESENTATION('706-3 6200ZZ 10x30x9mm Groove Ball Bearing',(#15),#1556);
#1559=ADVANCED_BREP_SHAPE_REPRESENTATION('706-3 6200ZZ 10x30x9mm Groove Ball Bearing',(#1683),#1556);
#1701=SHAPE_REPRESENTATION_RELATIONSHIP('','',#1558,#1559);
#1702=CARTESIAN_POINT('',(0.,0.,0.));
#1703=DIRECTION('',(0.,0.,1.));
#1704=DIRECTION('',(1.,0.,0.));
#1705=AXIS2_PLACEMENT_3D('',#1702,#1703,#1704);
#1707=MAPPED_ITEM('',#1706,#1705);
#1706=REPRESENTATION_MAP(#1705,#1558);
#1566=PRODUCT('706-3 6200ZZ 10x30x9mm Groove Ball Bearing','706-3 6200ZZ 10x30x9mm Groove Ball Bearing','',(#768));
#1708=PRODUCT_RELATED_PRODUCT_CATEGORY('part','',(#1566));
#1709=PRODUCT_DEFINITION_FORMATION_WITH_SPECIFIED_SOURCE('','',#1566,.NOT_KNOWN.);
#1567=PRODUCT_DEFINITION('design','',#1709,#769);
#1565=PRODUCT_DEFINITION_SHAPE('','',#1567);
#1710=SHAPE_DEFINITION_REPRESENTATION(#1565,#1558);
#1557=DRAUGHTING_MODEL('',(#1707),#1556);
#1711=(NAMED_UNIT(*)PLANE_ANGLE_UNIT()SI_UNIT($,.RADIAN.));
#1712=PLANE_ANGLE_MEASURE_WITH_UNIT(PLANE_ANGLE_MEASURE(0.0174532925),#1711);
#1713=(CONVERSION_BASED_UNIT('DEGREE',#1712)NAMED_UNIT(#1714)PLANE_ANGLE_UNIT());
#1714=DIMENSIONAL_EXPONENTS(0.,0.,0.,0.,0.,0.,0.);
#1715=(NAMED_UNIT(*)SI_UNIT($,.STERADIAN.)SOLID_ANGLE_UNIT());
#1716=(LENGTH_UNIT()NAMED_UNIT(*)SI_UNIT(.MILLI.,.METRE.));
#1717=UNCERTAINTY_MEASURE_WITH_UNIT(LENGTH_MEASURE(1.000000E-06),#1716,'DISTANCE_ACCURACY_VALUE','Maximum Tolerance applied to model');
#1718=(GEOMETRIC_REPRESENTATION_CONTEXT(3)GLOBAL_UNCERTAINTY_ASSIGNED_CONTEXT((#1717))GLOBAL_UNIT_ASSIGNED_CONTEXT((#1716,#1713,#1715))REPRESENTATION_CONTEXT('','706-4 6200ZZ 10x30x9mm Groove Ball Bearing'));
#1730=CARTESIAN_POINT('',(0.,0.,0.));
#1731=DIRECTION('',(0.,0.,1.));
#1732=DIRECTION('',(1.,0.,-0.));
#1733=AXIS2_PLACEMENT_3D('',#1730,#1731,#1732);
#1734=ITEM_DEFINED_TRANSFORMATION('','',#1733,#15);
#1735=(REPRESENTATION_RELATIONSHIP('','',#1720,#16)REPRESENTATION_RELATIONSHIP_WITH_TRANSFORMATION(#1734)SHAPE_REPRESENTATION_RELATIONSHIP());
#1736=NEXT_ASSEMBLY_USAGE_OCCURRENCE('706-4 6200ZZ 10x30x9mm Groove Ball Bearing_4','706-4 6200ZZ 10x30x9mm Groove Ball Bearing','706-4 6200ZZ 10x30x9mm Groove Ball Bearing',#25,#1729,$);
#1737=PRODUCT_DEFINITION_SHAPE('','',#1736);
#1738=CONTEXT_DEPENDENT_SHAPE_REPRESENTATION(#1735,#1737);
#1740=CARTESIAN_POINT('',(0.45,0.,0.));
#1741=DIRECTION('',(1.,0.,0.));
#1742=DIRECTION('',(0.,0.,-1.));
#1743=AXIS2_PLACEMENT_3D('',#1740,#1741,#1742);
#1744=TOROIDAL_SURFACE('',#1743,12.16339746,0.3);
#1745=CARTESIAN_POINT('',(0.45,0.,12.46339746));
#1746=VERTEX_POINT('',#1745);
#1747=CARTESIAN_POINT('',(0.45,-0.,-12.46339746));
#1748=VERTEX_POINT('',#1747);
#1749=CARTESIAN_POINT('',(0.45,0.,0.));
#1750=DIRECTION('',(1.,0.,0.));
#1751=DIRECTION('',(0.,0.,-1.));
#1752=AXIS2_PLACEMENT_3D('',#1749,#1750,#1751);
#1753=CIRCLE('',#1752,12.46339746);
#1754=EDGE_CURVE('',#1746,#1748,#1753,.T.);
#1755=ORIENTED_EDGE('',*,*,#1754,.F.);
#1756=CARTESIAN_POINT('',(0.15,0.,12.16339746));
#1757=VERTEX_POINT('',#1756);
#1758=CARTESIAN_POINT('',(0.45,0.,12.16339746));
#1759=DIRECTION('',(0.,-1.,0.));
#1760=DIRECTION('',(0.,0.,1.));
#1761=AXIS2_PLACEMENT_3D('',#1758,#1759,#1760);
#1762=CIRCLE('',#1761,0.3);
#1763=EDGE_CURVE('',#1746,#1757,#1762,.T.);
#1764=ORIENTED_EDGE('',*,*,#1763,.T.);
#1765=CARTESIAN_POINT('',(0.15,-0.,-12.16339746));
#1766=VERTEX_POINT('',#1765);
#1767=CARTESIAN_POINT('',(0.15,0.,0.));
#1768=DIRECTION('',(1.,0.,0.));
#1769=DIRECTION('',(-0.,1.,0.));
#1770=AXIS2_PLACEMENT_3D('',#1767,#1768,#1769);
#1771=CIRCLE('',#1770,12.16339746);
#1772=EDGE_CURVE('',#1757,#1766,#1771,.T.);
#1773=ORIENTED_EDGE('',*,*,#1772,.T.);
#1774=CARTESIAN_POINT('',(0.45,-0.,-12.16339746));
#1775=DIRECTION('',(0.,-1.,0.));
#1776=DIRECTION('',(0.,-0.,-1.));
#1777=AXIS2_PLACEMENT_3D('',#1774,#1775,#1776);
#1778=CIRCLE('',#1777,0.3);
#1779=EDGE_CURVE('',#1766,#1748,#1778,.T.);
#1780=ORIENTED_EDGE('',*,*,#1779,.T.);
#1781=EDGE_LOOP('',(#1755,#1764,#1773,#1780));
#1782=FACE_BOUND('',#1781,.T.);
#1783=ADVANCED_FACE('',(#1782),#1744,.T.);
#1784=CARTESIAN_POINT('',(0.45,0.,0.));
#1785=DIRECTION('',(1.,0.,0.));
#1786=DIRECTION('',(0.,0.,-1.));
#1787=AXIS2_PLACEMENT_3D('',#1784,#1785,#1786);
#1788=TOROIDAL_SURFACE('',#1787,12.16339746,0.2);
#1789=CARTESIAN_POINT('',(0.45,-0.,-12.36339746));
#1790=VERTEX_POINT('',#1789);
#1791=CARTESIAN_POINT('',(0.45,0.,12.36339746));
#1792=VERTEX_POINT('',#1791);
#1793=CARTESIAN_POINT('',(0.45,0.,0.));
#1794=DIRECTION('',(1.,0.,-0.));
#1795=DIRECTION('',(0.,0.,1.));
#1796=AXIS2_PLACEMENT_3D('',#1793,#1794,#1795);
#1797=CIRCLE('',#1796,12.36339746);
#1798=EDGE_CURVE('',#1790,#1792,#1797,.T.);
#1799=ORIENTED_EDGE('',*,*,#1798,.F.);
#1800=CARTESIAN_POINT('',(0.65,-0.,-12.16339746));
#1801=VERTEX_POINT('',#1800);
#1802=CARTESIAN_POINT('',(0.45,-0.,-12.16339746));
#1803=DIRECTION('',(0.,-1.,0.));
#1804=DIRECTION('',(0.,-0.,-1.));
#1805=AXIS2_PLACEMENT_3D('',#1802,#1803,#1804);
#1806=CIRCLE('',#1805,0.2);
#1807=EDGE_CURVE('',#1790,#1801,#1806,.T.);
#1808=ORIENTED_EDGE('',*,*,#1807,.T.);
#1809=CARTESIAN_POINT('',(0.65,12.16339746,-0.));
#1810=VERTEX_POINT('',#1809);
#1811=CARTESIAN_POINT('',(0.65,0.,0.));
#1812=DIRECTION('',(1.,0.,0.));
#1813=DIRECTION('',(-0.,1.,0.));
#1814=AXIS2_PLACEMENT_3D('',#1811,#1812,#1813);
#1815=CIRCLE('',#1814,12.16339746);
#1816=EDGE_CURVE('',#1801,#1810,#1815,.T.);
#1817=ORIENTED_EDGE('',*,*,#1816,.T.);
#1818=CARTESIAN_POINT('',(0.65,0.,12.16339746));
#1819=VERTEX_POINT('',#1818);
#1820=CARTESIAN_POINT('',(0.65,0.,0.));
#1821=DIRECTION('',(1.,0.,0.));
#1822=DIRECTION('',(-0.,1.,0.));
#1823=AXIS2_PLACEMENT_3D('',#1820,#1821,#1822);
#1824=CIRCLE('',#1823,12.16339746);
#1825=EDGE_CURVE('',#1810,#1819,#1824,.T.);
#1826=ORIENTED_EDGE('',*,*,#1825,.T.);
#1827=CARTESIAN_POINT('',(0.45,0.,12.16339746));
#1828=DIRECTION('',(0.,-1.,0.));
#1829=DIRECTION('',(0.,0.,1.));
#1830=AXIS2_PLACEMENT_3D('',#1827,#1828,#1829);
#1831=CIRCLE('',#1830,0.2);
#1832=EDGE_CURVE('',#1819,#1792,#1831,.T.);
#1833=ORIENTED_EDGE('',*,*,#1832,.T.);
#1834=EDGE_LOOP('',(#1799,#1808,#1817,#1826,#1833));
#1835=FACE_BOUND('',#1834,.T.);
#1836=ADVANCED_FACE('',(#1835),#1788,.F.);
#1837=CARTESIAN_POINT('',(0.45,0.,0.));
#1838=DIRECTION('',(1.,0.,0.));
#1839=DIRECTION('',(0.,0.,-1.));
#1840=AXIS2_PLACEMENT_3D('',#1837,#1838,#1839);
#1841=TOROIDAL_SURFACE('',#1840,12.16339746,0.2);
#1842=CARTESIAN_POINT('',(0.45,0.,0.));
#1843=DIRECTION('',(1.,0.,-0.));
#1844=DIRECTION('',(0.,0.,1.));
#1845=AXIS2_PLACEMENT_3D('',#1842,#1843,#1844);
#1846=CIRCLE('',#1845,12.36339746);
#1847=EDGE_CURVE('',#1792,#1790,#1846,.T.);
#1848=ORIENTED_EDGE('',*,*,#1847,.F.);
#1849=ORIENTED_EDGE('',*,*,#1832,.F.);
#1850=CARTESIAN_POINT('',(0.65,0.,0.));
#1851=DIRECTION('',(1.,0.,0.));
#1852=DIRECTION('',(-0.,1.,0.));
#1853=AXIS2_PLACEMENT_3D('',#1850,#1851,#1852);
#1854=CIRCLE('',#1853,12.16339746);
#1855=EDGE_CURVE('',#1819,#1801,#1854,.T.);
#1856=ORIENTED_EDGE('',*,*,#1855,.T.);
#1857=ORIENTED_EDGE('',*,*,#1807,.F.);
#1858=EDGE_LOOP('',(#1848,#1849,#1856,#1857));
#1859=FACE_BOUND('',#1858,.T.);
#1860=ADVANCED_FACE('',(#1859),#1841,.F.);
#1861=CARTESIAN_POINT('',(0.45,0.,0.));
#1862=DIRECTION('',(1.,0.,0.));
#1863=DIRECTION('',(0.,0.,-1.));
#1864=AXIS2_PLACEMENT_3D('',#1861,#1862,#1863);
#1865=TOROIDAL_SURFACE('',#1864,12.16339746,0.3);
#1866=CARTESIAN_POINT('',(0.45,0.,0.));
#1867=DIRECTION('',(1.,0.,0.));
#1868=DIRECTION('',(0.,0.,-1.));
#1869=AXIS2_PLACEMENT_3D('',#1866,#1867,#1868);
#1870=CIRCLE('',#1869,12.46339746);
#1871=EDGE_CURVE('',#1748,#1746,#1870,.T.);
#1872=ORIENTED_EDGE('',*,*,#1871,.F.);
#1873=ORIENTED_EDGE('',*,*,#1779,.F.);
#1874=CARTESIAN_POINT('',(0.15,12.16339746,-0.));
#1875=VERTEX_POINT('',#1874);
#1876=CARTESIAN_POINT('',(0.15,0.,0.));
#1877=DIRECTION('',(1.,0.,0.));
#1878=DIRECTION('',(-0.,1.,0.));
#1879=AXIS2_PLACEMENT_3D('',#1876,#1877,#1878);
#1880=CIRCLE('',#1879,12.16339746);
#1881=EDGE_CURVE('',#1766,#1875,#1880,.T.);
#1882=ORIENTED_EDGE('',*,*,#1881,.T.);
#1883=CARTESIAN_POINT('',(0.15,0.,0.));
#1884=DIRECTION('',(1.,0.,0.));
#1885=DIRECTION('',(-0.,1.,0.));
#1886=AXIS2_PLACEMENT_3D('',#1883,#1884,#1885);
#1887=CIRCLE('',#1886,12.16339746);
#1888=EDGE_CURVE('',#1875,#1757,#1887,.T.);
#1889=ORIENTED_EDGE('',*,*,#1888,.T.);
#1890=ORIENTED_EDGE('',*,*,#1763,.F.);
#1891=EDGE_LOOP('',(#1872,#1873,#1882,#1889,#1890));
#1892=FACE_BOUND('',#1891,.T.);
#1893=ADVANCED_FACE('',(#1892),#1865,.T.);
#1894=CARTESIAN_POINT('',(0.25,0.,0.));
#1895=DIRECTION('',(-1.,0.,0.));
#1896=DIRECTION('',(0.,1.,0.));
#1897=AXIS2_PLACEMENT_3D('',#1894,#1895,#1896);
#1898=CONICAL_SURFACE('',#1897,9.17475109,60.092585857);
#1899=CARTESIAN_POINT('',(0.15,9.348604357,-0.));
#1900=VERTEX_POINT('',#1899);
#1901=CARTESIAN_POINT('',(0.35,9.000897823,-0.));
#1902=VERTEX_POINT('',#1901);
#1903=CARTESIAN_POINT('',(0.15,9.348604357,0.));
#1904=DIRECTION('',(0.498599913,-0.866832237,0.));
#1905=VECTOR('',#1904,0.401123215);
#1906=LINE('',#1903,#1905);
#1907=EDGE_CURVE('',#1900,#1902,#1906,.T.);
#1908=ORIENTED_EDGE('',*,*,#1907,.F.);
#1909=CARTESIAN_POINT('',(0.15,-9.348604357,-0.));
#1910=VERTEX_POINT('',#1909);
#1911=CARTESIAN_POINT('',(0.15,0.,0.));
#1912=DIRECTION('',(1.,0.,0.));
#1913=DIRECTION('',(-0.,1.,0.));
#1914=AXIS2_PLACEMENT_3D('',#1911,#1912,#1913);
#1915=CIRCLE('',#1914,9.348604357);
#1916=EDGE_CURVE('',#1910,#1900,#1915,.T.);
#1917=ORIENTED_EDGE('',*,*,#1916,.F.);
#1918=CARTESIAN_POINT('',(0.35,-9.000897823,-0.));
#1919=VERTEX_POINT('',#1918);
#1920=CARTESIAN_POINT('',(0.35,-9.000897823,0.));
#1921=DIRECTION('',(-0.498599913,-0.866832237,0.));
#1922=VECTOR('',#1921,0.401123215);
#1923=LINE('',#1920,#1922);
#1924=EDGE_CURVE('',#1919,#1910,#1923,.T.);
#1925=ORIENTED_EDGE('',*,*,#1924,.F.);
#1926=CARTESIAN_POINT('',(0.35,0.,0.));
#1927=DIRECTION('',(1.,0.,0.));
#1928=DIRECTION('',(-0.,1.,0.));
#1929=AXIS2_PLACEMENT_3D('',#1926,#1927,#1928);
#1930=CIRCLE('',#1929,9.000897823);
#1931=EDGE_CURVE('',#1919,#1902,#1930,.T.);
#1932=ORIENTED_EDGE('',*,*,#1931,.T.);
#1933=EDGE_LOOP('',(#1908,#1917,#1925,#1932));
#1934=FACE_BOUND('',#1933,.T.);
#1935=ADVANCED_FACE('',(#1934),#1898,.F.);
#1936=CARTESIAN_POINT('',(0.25,0.,0.));
#1937=DIRECTION('',(1.,0.,0.));
#1938=DIRECTION('',(-0.,1.,0.));
#1939=AXIS2_PLACEMENT_3D('',#1936,#1937,#1938);
#1940=CONICAL_SURFACE('',#1939,8.743759348,60.092585857);
#1941=CARTESIAN_POINT('',(0.15,8.569906081,-0.));
#1942=VERTEX_POINT('',#1941);
#1943=CARTESIAN_POINT('',(0.35,8.917612614,-0.));
#1944=VERTEX_POINT('',#1943);
#1945=CARTESIAN_POINT('',(0.15,8.569906081,0.));
#1946=DIRECTION('',(0.498599913,0.866832237,0.));
#1947=VECTOR('',#1946,0.401123215);
#1948=LINE('',#1945,#1947);
#1949=EDGE_CURVE('',#1942,#1944,#1948,.T.);
#1950=ORIENTED_EDGE('',*,*,#1949,.F.);
#1951=CARTESIAN_POINT('',(0.15,-8.569906081,-0.));
#1952=VERTEX_POINT('',#1951);
#1953=CARTESIAN_POINT('',(0.15,0.,0.));
#1954=DIRECTION('',(1.,0.,0.));
#1955=DIRECTION('',(-0.,1.,0.));
#1956=AXIS2_PLACEMENT_3D('',#1953,#1954,#1955);
#1957=CIRCLE('',#1956,8.569906081);
#1958=EDGE_CURVE('',#1942,#1952,#1957,.T.);
#1959=ORIENTED_EDGE('',*,*,#1958,.T.);
#1960=CARTESIAN_POINT('',(0.35,-8.917612614,-0.));
#1961=VERTEX_POINT('',#1960);
#1962=CARTESIAN_POINT('',(0.35,-8.917612614,0.));
#1963=DIRECTION('',(-0.498599913,0.866832237,-0.));
#1964=VECTOR('',#1963,0.401123215);
#1965=LINE('',#1962,#1964);
#1966=EDGE_CURVE('',#1961,#1952,#1965,.T.);
#1967=ORIENTED_EDGE('',*,*,#1966,.F.);
#1968=CARTESIAN_POINT('',(0.35,0.,0.));
#1969=DIRECTION('',(1.,0.,0.));
#1970=DIRECTION('',(-0.,1.,0.));
#1971=AXIS2_PLACEMENT_3D('',#1968,#1969,#1970);
#1972=CIRCLE('',#1971,8.917612614);
#1973=EDGE_CURVE('',#1944,#1961,#1972,.T.);
#1974=ORIENTED_EDGE('',*,*,#1973,.F.);
#1975=EDGE_LOOP('',(#1950,#1959,#1967,#1974));
#1976=FACE_BOUND('',#1975,.T.);
#1977=ADVANCED_FACE('',(#1976),#1940,.T.);
#1978=CARTESIAN_POINT('',(0.2,0.,0.));
#1979=DIRECTION('',(1.,0.,0.));
#1980=DIRECTION('',(-0.,1.,0.));
#1981=AXIS2_PLACEMENT_3D('',#1978,#1979,#1980);
#1982=CYLINDRICAL_SURFACE('',#1981,7.791207805);
#1983=CARTESIAN_POINT('',(0.15,7.791207805,-0.));
#1984=VERTEX_POINT('',#1983);
#1985=CARTESIAN_POINT('',(0.25,7.791207805,-0.));
#1986=VERTEX_POINT('',#1985);
#1987=CARTESIAN_POINT('',(0.15,7.791207805,0.));
#1988=DIRECTION('',(1.,0.,-0.));
#1989=VECTOR('',#1988,0.1);
#1990=LINE('',#1987,#1989);
#1991=EDGE_CURVE('',#1984,#1986,#1990,.T.);
#1992=ORIENTED_EDGE('',*,*,#1991,.F.);
#1993=CARTESIAN_POINT('',(0.15,-7.791207805,0.));
#1994=VERTEX_POINT('',#1993);
#1995=CARTESIAN_POINT('',(0.15,0.,0.));
#1996=DIRECTION('',(1.,0.,0.));
#1997=DIRECTION('',(-0.,1.,0.));
#1998=AXIS2_PLACEMENT_3D('',#1995,#1996,#1997);
#1999=CIRCLE('',#1998,7.791207805);
#2000=EDGE_CURVE('',#1994,#1984,#1999,.T.);
#2001=ORIENTED_EDGE('',*,*,#2000,.F.);
#2002=CARTESIAN_POINT('',(0.25,-7.791207805,0.));
#2003=VERTEX_POINT('',#2002);
#2004=CARTESIAN_POINT('',(0.25,-7.791207805,0.));
#2005=DIRECTION('',(-1.,0.,0.));
#2006=VECTOR('',#2005,0.1);
#2007=LINE('',#2004,#2006);
#2008=EDGE_CURVE('',#2003,#1994,#2007,.T.);
#2009=ORIENTED_EDGE('',*,*,#2008,.F.);
#2010=CARTESIAN_POINT('',(0.25,0.,0.));
#2011=DIRECTION('',(1.,0.,0.));
#2012=DIRECTION('',(-0.,1.,0.));
#2013=AXIS2_PLACEMENT_3D('',#2010,#2011,#2012);
#2014=CIRCLE('',#2013,7.791207805);
#2015=EDGE_CURVE('',#2003,#1986,#2014,.T.);
#2016=ORIENTED_EDGE('',*,*,#2015,.T.);
#2017=EDGE_LOOP('',(#1992,#2001,#2009,#2016));
#2018=FACE_BOUND('',#2017,.T.);
#2019=ADVANCED_FACE('',(#2018),#1982,.F.);
#2020=CARTESIAN_POINT('',(0.35,0.,0.));
#2021=DIRECTION('',(1.,0.,0.));
#2022=DIRECTION('',(-0.,1.,0.));
#2023=AXIS2_PLACEMENT_3D('',#2020,#2021,#2022);
#2024=CONICAL_SURFACE('',#2023,8.717051007,60.092585857);
#2025=CARTESIAN_POINT('',(0.25,8.54319774,-0.));
#2026=VERTEX_POINT('',#2025);
#2027=CARTESIAN_POINT('',(0.45,8.890904274,-0.));
#2028=VERTEX_POINT('',#2027);
#2029=CARTESIAN_POINT('',(0.25,8.54319774,0.));
#2030=DIRECTION('',(0.498599913,0.866832237,0.));
#2031=VECTOR('',#2030,0.401123215);
#2032=LINE('',#2029,#2031);
#2033=EDGE_CURVE('',#2026,#2028,#2032,.T.);
#2034=ORIENTED_EDGE('',*,*,#2033,.F.);
#2035=CARTESIAN_POINT('',(0.25,-8.54319774,0.));
#2036=VERTEX_POINT('',#2035);
#2037=CARTESIAN_POINT('',(0.25,0.,0.));
#2038=DIRECTION('',(1.,0.,0.));
#2039=DIRECTION('',(-0.,1.,0.));
#2040=AXIS2_PLACEMENT_3D('',#2037,#2038,#2039);
#2041=CIRCLE('',#2040,8.54319774);
#2042=EDGE_CURVE('',#2036,#2026,#2041,.T.);
#2043=ORIENTED_EDGE('',*,*,#2042,.F.);
#2044=CARTESIAN_POINT('',(0.45,-8.890904274,-0.));
#2045=VERTEX_POINT('',#2044);
#2046=CARTESIAN_POINT('',(0.45,-8.890904274,0.));
#2047=DIRECTION('',(-0.498599913,0.866832237,-0.));
#2048=VECTOR('',#2047,0.401123215);
#2049=LINE('',#2046,#2048);
#2050=EDGE_CURVE('',#2045,#2036,#2049,.T.);
#2051=ORIENTED_EDGE('',*,*,#2050,.F.);
#2052=CARTESIAN_POINT('',(0.45,0.,0.));
#2053=DIRECTION('',(1.,0.,0.));
#2054=DIRECTION('',(-0.,1.,0.));
#2055=AXIS2_PLACEMENT_3D('',#2052,#2053,#2054);
#2056=CIRCLE('',#2055,8.890904274);
#2057=EDGE_CURVE('',#2045,#2028,#2056,.T.);
#2058=ORIENTED_EDGE('',*,*,#2057,.T.);
#2059=EDGE_LOOP('',(#2034,#2043,#2051,#2058));
#2060=FACE_BOUND('',#2059,.T.);
#2061=ADVANCED_FACE('',(#2060),#2024,.F.);
#2062=CARTESIAN_POINT('',(0.35,0.,0.));
#2063=DIRECTION('',(-1.,0.,0.));
#2064=DIRECTION('',(0.,1.,0.));
#2065=AXIS2_PLACEMENT_3D('',#2062,#2063,#2064);
#2066=CONICAL_SURFACE('',#2065,9.20145943,60.092585857);
#2067=CARTESIAN_POINT('',(0.25,9.375312697,-0.));
#2068=VERTEX_POINT('',#2067);
#2069=CARTESIAN_POINT('',(0.45,9.027606164,-0.));
#2070=VERTEX_POINT('',#2069);
#2071=CARTESIAN_POINT('',(0.25,9.375312697,0.));
#2072=DIRECTION('',(0.498599913,-0.866832237,0.));
#2073=VECTOR('',#2072,0.401123215);
#2074=LINE('',#2071,#2073);
#2075=EDGE_CURVE('',#2068,#2070,#2074,.T.);
#2076=ORIENTED_EDGE('',*,*,#2075,.F.);
#2077=CARTESIAN_POINT('',(0.25,-9.375312697,0.));
#2078=VERTEX_POINT('',#2077);
#2079=CARTESIAN_POINT('',(0.25,0.,0.));
#2080=DIRECTION('',(1.,0.,0.));
#2081=DIRECTION('',(-0.,1.,0.));
#2082=AXIS2_PLACEMENT_3D('',#2079,#2080,#2081);
#2083=CIRCLE('',#2082,9.375312697);
#2084=EDGE_CURVE('',#2068,#2078,#2083,.T.);
#2085=ORIENTED_EDGE('',*,*,#2084,.T.);
#2086=CARTESIAN_POINT('',(0.45,-9.027606164,-0.));
#2087=VERTEX_POINT('',#2086);
#2088=CARTESIAN_POINT('',(0.45,-9.027606164,0.));
#2089=DIRECTION('',(-0.498599913,-0.866832237,0.));
#2090=VECTOR('',#2089,0.401123215);
#2091=LINE('',#2088,#2090);
#2092=EDGE_CURVE('',#2087,#2078,#2091,.T.);
#2093=ORIENTED_EDGE('',*,*,#2092,.F.);
#2094=CARTESIAN_POINT('',(0.45,0.,0.));
#2095=DIRECTION('',(1.,0.,0.));
#2096=DIRECTION('',(-0.,1.,0.));
#2097=AXIS2_PLACEMENT_3D('',#2094,#2095,#2096);
#2098=CIRCLE('',#2097,9.027606164);
#2099=EDGE_CURVE('',#2070,#2087,#2098,.T.);
#2100=ORIENTED_EDGE('',*,*,#2099,.F.);
#2101=EDGE_LOOP('',(#2076,#2085,#2093,#2100));
#2102=FACE_BOUND('',#2101,.T.);
#2103=ADVANCED_FACE('',(#2102),#2066,.T.);
#2104=CARTESIAN_POINT('',(0.5,0.,0.));
#2105=DIRECTION('',(1.,0.,0.));
#2106=DIRECTION('',(-0.,1.,0.));
#2107=AXIS2_PLACEMENT_3D('',#2104,#2105,#2106);
#2108=CONICAL_SURFACE('',#2107,10.922869553,60.);
#2109=CARTESIAN_POINT('',(0.25,10.489856851,-0.));
#2110=VERTEX_POINT('',#2109);
#2111=CARTESIAN_POINT('',(0.75,11.355882255,-0.));
#2112=VERTEX_POINT('',#2111);
#2113=CARTESIAN_POINT('',(0.25,10.489856851,0.));
#2114=DIRECTION('',(0.5,0.866025404,0.));
#2115=VECTOR('',#2114,1.);
#2116=LINE('',#2113,#2115);
#2117=EDGE_CURVE('',#2110,#2112,#2116,.T.);
#2118=ORIENTED_EDGE('',*,*,#2117,.F.);
#2119=CARTESIAN_POINT('',(0.25,-10.489856851,-0.));
#2120=VERTEX_POINT('',#2119);
#2121=CARTESIAN_POINT('',(0.25,0.,0.));
#2122=DIRECTION('',(1.,0.,0.));
#2123=DIRECTION('',(-0.,1.,0.));
#2124=AXIS2_PLACEMENT_3D('',#2121,#2122,#2123);
#2125=CIRCLE('',#2124,10.489856851);
#2126=EDGE_CURVE('',#2120,#2110,#2125,.T.);
#2127=ORIENTED_EDGE('',*,*,#2126,.F.);
#2128=CARTESIAN_POINT('',(0.75,-11.355882255,-0.));
#2129=VERTEX_POINT('',#2128);
#2130=CARTESIAN_POINT('',(0.75,-11.355882255,0.));
#2131=DIRECTION('',(-0.5,0.866025404,-0.));
#2132=VECTOR('',#2131,1.);
#2133=LINE('',#2130,#2132);
#2134=EDGE_CURVE('',#2129,#2120,#2133,.T.);
#2135=ORIENTED_EDGE('',*,*,#2134,.F.);
#2136=CARTESIAN_POINT('',(0.75,0.,0.));
#2137=DIRECTION('',(1.,0.,0.));
#2138=DIRECTION('',(-0.,1.,0.));
#2139=AXIS2_PLACEMENT_3D('',#2136,#2137,#2138);
#2140=CIRCLE('',#2139,11.355882255);
#2141=EDGE_CURVE('',#2129,#2112,#2140,.T.);
#2142=ORIENTED_EDGE('',*,*,#2141,.T.);
#2143=EDGE_LOOP('',(#2118,#2127,#2135,#2142));
#2144=FACE_BOUND('',#2143,.T.);
#2145=ADVANCED_FACE('',(#2144),#2108,.F.);
#2146=CARTESIAN_POINT('',(0.45,0.,0.));
#2147=DIRECTION('',(1.,0.,0.));
#2148=DIRECTION('',(0.,0.,-1.));
#2149=AXIS2_PLACEMENT_3D('',#2146,#2147,#2148);
#2150=TOROIDAL_SURFACE('',#2149,12.16339746,0.3);
#2151=ORIENTED_EDGE('',*,*,#1871,.T.);
#2152=CARTESIAN_POINT('',(0.75,0.,12.16339746));
#2153=VERTEX_POINT('',#2152);
#2154=CARTESIAN_POINT('',(0.45,0.,12.16339746));
#2155=DIRECTION('',(0.,-1.,0.));
#2156=DIRECTION('',(0.,0.,1.));
#2157=AXIS2_PLACEMENT_3D('',#2154,#2155,#2156);
#2158=CIRCLE('',#2157,0.3);
#2159=EDGE_CURVE('',#2153,#1746,#2158,.T.);
#2160=ORIENTED_EDGE('',*,*,#2159,.F.);
#2161=CARTESIAN_POINT('',(0.75,12.16339746,-0.));
#2162=VERTEX_POINT('',#2161);
#2163=CARTESIAN_POINT('',(0.75,0.,0.));
#2164=DIRECTION('',(1.,0.,0.));
#2165=DIRECTION('',(-0.,1.,0.));
#2166=AXIS2_PLACEMENT_3D('',#2163,#2164,#2165);
#2167=CIRCLE('',#2166,12.16339746);
#2168=EDGE_CURVE('',#2162,#2153,#2167,.T.);
#2169=ORIENTED_EDGE('',*,*,#2168,.F.);
#2170=CARTESIAN_POINT('',(0.75,-0.,-12.16339746));
#2171=VERTEX_POINT('',#2170);
#2172=CARTESIAN_POINT('',(0.75,0.,0.));
#2173=DIRECTION('',(1.,0.,0.));
#2174=DIRECTION('',(-0.,1.,0.));
#2175=AXIS2_PLACEMENT_3D('',#2172,#2173,#2174);
#2176=CIRCLE('',#2175,12.16339746);
#2177=EDGE_CURVE('',#2171,#2162,#2176,.T.);
#2178=ORIENTED_EDGE('',*,*,#2177,.F.);
#2179=CARTESIAN_POINT('',(0.45,-0.,-12.16339746));
#2180=DIRECTION('',(0.,-1.,0.));
#2181=DIRECTION('',(0.,-0.,-1.));
#2182=AXIS2_PLACEMENT_3D('',#2179,#2180,#2181);
#2183=CIRCLE('',#2182,0.3);
#2184=EDGE_CURVE('',#1748,#2171,#2183,.T.);
#2185=ORIENTED_EDGE('',*,*,#2184,.F.);
#2186=EDGE_LOOP('',(#2151,#2160,#2169,#2178,#2185));
#2187=FACE_BOUND('',#2186,.T.);
#2188=ADVANCED_FACE('',(#2187),#2150,.T.);
#2189=CARTESIAN_POINT('',(0.2,0.,0.));
#2190=DIRECTION('',(1.,0.,0.));
#2191=DIRECTION('',(-0.,1.,0.));
#2192=AXIS2_PLACEMENT_3D('',#2189,#2190,#2191);
#2193=CYLINDRICAL_SURFACE('',#2192,11.295350046);
#2194=CARTESIAN_POINT('',(0.15,11.295350046,-0.));
#2195=VERTEX_POINT('',#2194);
#2196=CARTESIAN_POINT('',(0.25,11.295350046,-0.));
#2197=VERTEX_POINT('',#2196);
#2198=CARTESIAN_POINT('',(0.15,11.295350046,0.));
#2199=DIRECTION('',(1.,0.,-0.));
#2200=VECTOR('',#2199,0.1);
#2201=LINE('',#2198,#2200);
#2202=EDGE_CURVE('',#2195,#2197,#2201,.T.);
#2203=ORIENTED_EDGE('',*,*,#2202,.F.);
#2204=CARTESIAN_POINT('',(0.15,-11.295350046,0.));
#2205=VERTEX_POINT('',#2204);
#2206=CARTESIAN_POINT('',(0.15,0.,0.));
#2207=DIRECTION('',(1.,0.,0.));
#2208=DIRECTION('',(-0.,1.,0.));
#2209=AXIS2_PLACEMENT_3D('',#2206,#2207,#2208);
#2210=CIRCLE('',#2209,11.295350046);
#2211=EDGE_CURVE('',#2205,#2195,#2210,.T.);
#2212=ORIENTED_EDGE('',*,*,#2211,.F.);
#2213=CARTESIAN_POINT('',(0.25,-11.295350046,0.));
#2214=VERTEX_POINT('',#2213);
#2215=CARTESIAN_POINT('',(0.25,-11.295350046,0.));
#2216=DIRECTION('',(-1.,0.,0.));
#2217=VECTOR('',#2216,0.1);
#2218=LINE('',#2215,#2217);
#2219=EDGE_CURVE('',#2214,#2205,#2218,.T.);
#2220=ORIENTED_EDGE('',*,*,#2219,.F.);
#2221=CARTESIAN_POINT('',(0.25,0.,0.));
#2222=DIRECTION('',(1.,0.,0.));
#2223=DIRECTION('',(-0.,1.,0.));
#2224=AXIS2_PLACEMENT_3D('',#2221,#2222,#2223);
#2225=CIRCLE('',#2224,11.295350046);
#2226=EDGE_CURVE('',#2214,#2197,#2225,.T.);
#2227=ORIENTED_EDGE('',*,*,#2226,.T.);
#2228=EDGE_LOOP('',(#2203,#2212,#2220,#2227));
#2229=FACE_BOUND('',#2228,.T.);
#2230=ADVANCED_FACE('',(#2229),#2193,.F.);
#2231=CARTESIAN_POINT('',(0.45,0.,0.));
#2232=DIRECTION('',(1.,0.,0.));
#2233=DIRECTION('',(0.,0.,-1.));
#2234=AXIS2_PLACEMENT_3D('',#2231,#2232,#2233);
#2235=TOROIDAL_SURFACE('',#2234,12.16339746,0.2);
#2236=ORIENTED_EDGE('',*,*,#1847,.T.);
#2237=CARTESIAN_POINT('',(0.25,-0.,-12.16339746));
#2238=VERTEX_POINT('',#2237);
#2239=CARTESIAN_POINT('',(0.45,-0.,-12.16339746));
#2240=DIRECTION('',(0.,-1.,0.));
#2241=DIRECTION('',(0.,-0.,-1.));
#2242=AXIS2_PLACEMENT_3D('',#2239,#2240,#2241);
#2243=CIRCLE('',#2242,0.2);
#2244=EDGE_CURVE('',#2238,#1790,#2243,.T.);
#2245=ORIENTED_EDGE('',*,*,#2244,.F.);
#2246=CARTESIAN_POINT('',(0.25,0.,12.16339746));
#2247=VERTEX_POINT('',#2246);
#2248=CARTESIAN_POINT('',(0.25,0.,0.));
#2249=DIRECTION('',(1.,0.,0.));
#2250=DIRECTION('',(-0.,1.,0.));
#2251=AXIS2_PLACEMENT_3D('',#2248,#2249,#2250);
#2252=CIRCLE('',#2251,12.16339746);
#2253=EDGE_CURVE('',#2247,#2238,#2252,.T.);
#2254=ORIENTED_EDGE('',*,*,#2253,.F.);
#2255=CARTESIAN_POINT('',(0.45,0.,12.16339746));
#2256=DIRECTION('',(0.,-1.,0.));
#2257=DIRECTION('',(0.,0.,1.));
#2258=AXIS2_PLACEMENT_3D('',#2255,#2256,#2257);
#2259=CIRCLE('',#2258,0.2);
#2260=EDGE_CURVE('',#1792,#2247,#2259,.T.);
#2261=ORIENTED_EDGE('',*,*,#2260,.F.);
#2262=EDGE_LOOP('',(#2236,#2245,#2254,#2261));
#2263=FACE_BOUND('',#2262,.T.);
#2264=ADVANCED_FACE('',(#2263),#2235,.F.);
#2265=CARTESIAN_POINT('',(0.4,0.,0.));
#2266=DIRECTION('',(1.,0.,0.));
#2267=DIRECTION('',(-0.,1.,0.));
#2268=AXIS2_PLACEMENT_3D('',#2265,#2266,#2267);
#2269=CONICAL_SURFACE('',#2268,10.949664472,60.);
#2270=CARTESIAN_POINT('',(0.15,10.51665177,-0.));
#2271=VERTEX_POINT('',#2270);
#2272=CARTESIAN_POINT('',(0.65,11.382677174,-0.));
#2273=VERTEX_POINT('',#2272);
#2274=CARTESIAN_POINT('',(0.15,10.51665177,0.));
#2275=DIRECTION('',(0.5,0.866025404,0.));
#2276=VECTOR('',#2275,1.);
#2277=LINE('',#2274,#2276);
#2278=EDGE_CURVE('',#2271,#2273,#2277,.T.);
#2279=ORIENTED_EDGE('',*,*,#2278,.F.);
#2280=CARTESIAN_POINT('',(0.15,-10.51665177,0.));
#2281=VERTEX_POINT('',#2280);
#2282=CARTESIAN_POINT('',(0.15,0.,0.));
#2283=DIRECTION('',(1.,0.,0.));
#2284=DIRECTION('',(-0.,1.,0.));
#2285=AXIS2_PLACEMENT_3D('',#2282,#2283,#2284);
#2286=CIRCLE('',#2285,10.51665177);
#2287=EDGE_CURVE('',#2271,#2281,#2286,.T.);
#2288=ORIENTED_EDGE('',*,*,#2287,.T.);
#2289=CARTESIAN_POINT('',(0.65,-11.382677174,0.));
#2290=VERTEX_POINT('',#2289);
#2291=CARTESIAN_POINT('',(0.65,-11.382677174,0.));
#2292=DIRECTION('',(-0.5,0.866025404,-0.));
#2293=VECTOR('',#2292,1.);
#2294=LINE('',#2291,#2293);
#2295=EDGE_CURVE('',#2290,#2281,#2294,.T.);
#2296=ORIENTED_EDGE('',*,*,#2295,.F.);
#2297=CARTESIAN_POINT('',(0.65,0.,0.));
#2298=DIRECTION('',(1.,0.,0.));
#2299=DIRECTION('',(-0.,1.,0.));
#2300=AXIS2_PLACEMENT_3D('',#2297,#2298,#2299);
#2301=CIRCLE('',#2300,11.382677174);
#2302=EDGE_CURVE('',#2273,#2290,#2301,.T.);
#2303=ORIENTED_EDGE('',*,*,#2302,.F.);
#2304=EDGE_LOOP('',(#2279,#2288,#2296,#2303));
#2305=FACE_BOUND('',#2304,.T.);
#2306=ADVANCED_FACE('',(#2305),#2269,.T.);
#2307=CARTESIAN_POINT('',(0.4,0.,0.));
#2308=DIRECTION('',(1.,0.,0.));
#2309=DIRECTION('',(-0.,1.,0.));
#2310=AXIS2_PLACEMENT_3D('',#2307,#2308,#2309);
#2311=CONICAL_SURFACE('',#2310,10.949664472,60.);
#2312=ORIENTED_EDGE('',*,*,#2278,.T.);
#2313=CARTESIAN_POINT('',(0.65,0.,0.));
#2314=DIRECTION('',(1.,0.,0.));
#2315=DIRECTION('',(-0.,1.,0.));
#2316=AXIS2_PLACEMENT_3D('',#2313,#2314,#2315);
#2317=CIRCLE('',#2316,11.382677174);
#2318=EDGE_CURVE('',#2290,#2273,#2317,.T.);
#2319=ORIENTED_EDGE('',*,*,#2318,.F.);
#2320=ORIENTED_EDGE('',*,*,#2295,.T.);
#2321=CARTESIAN_POINT('',(0.15,0.,0.));
#2322=DIRECTION('',(1.,0.,0.));
#2323=DIRECTION('',(-0.,1.,0.));
#2324=AXIS2_PLACEMENT_3D('',#2321,#2322,#2323);
#2325=CIRCLE('',#2324,10.51665177);
#2326=EDGE_CURVE('',#2281,#2271,#2325,.T.);
#2327=ORIENTED_EDGE('',*,*,#2326,.T.);
#2328=EDGE_LOOP('',(#2312,#2319,#2320,#2327));
#2329=FACE_BOUND('',#2328,.T.);
#2330=ADVANCED_FACE('',(#2329),#2311,.T.);
#2331=CARTESIAN_POINT('',(0.65,11.773037317,0.));
#2332=DIRECTION('',(-1.,0.,0.));
#2333=DIRECTION('',(0.,-1.,0.));
#2334=AXIS2_PLACEMENT_3D('',#2331,#2332,#2333);
#2335=PLANE('',#2334);
#2336=ORIENTED_EDGE('',*,*,#1825,.F.);
#2337=ORIENTED_EDGE('',*,*,#1816,.F.);
#2338=ORIENTED_EDGE('',*,*,#1855,.F.);
#2339=EDGE_LOOP('',(#2336,#2337,#2338));
#2340=FACE_BOUND('',#2339,.T.);
#2341=ORIENTED_EDGE('',*,*,#2302,.T.);
#2342=ORIENTED_EDGE('',*,*,#2318,.T.);
#2343=EDGE_LOOP('',(#2341,#2342));
#2344=FACE_BOUND('',#2343,.T.);
#2345=ADVANCED_FACE('',(#2340,#2344),#2335,.T.);
#2346=CARTESIAN_POINT('',(0.45,0.,0.));
#2347=DIRECTION('',(1.,0.,0.));
#2348=DIRECTION('',(0.,0.,-1.));
#2349=AXIS2_PLACEMENT_3D('',#2346,#2347,#2348);
#2350=TOROIDAL_SURFACE('',#2349,12.16339746,0.2);
#2351=ORIENTED_EDGE('',*,*,#1798,.T.);
#2352=ORIENTED_EDGE('',*,*,#2260,.T.);
#2353=CARTESIAN_POINT('',(0.25,12.16339746,-0.));
#2354=VERTEX_POINT('',#2353);
#2355=CARTESIAN_POINT('',(0.25,0.,0.));
#2356=DIRECTION('',(1.,0.,0.));
#2357=DIRECTION('',(-0.,1.,0.));
#2358=AXIS2_PLACEMENT_3D('',#2355,#2356,#2357);
#2359=CIRCLE('',#2358,12.16339746);
#2360=EDGE_CURVE('',#2354,#2247,#2359,.T.);
#2361=ORIENTED_EDGE('',*,*,#2360,.F.);
#2362=CARTESIAN_POINT('',(0.25,0.,0.));
#2363=DIRECTION('',(1.,0.,0.));
#2364=DIRECTION('',(-0.,1.,0.));
#2365=AXIS2_PLACEMENT_3D('',#2362,#2363,#2364);
#2366=CIRCLE('',#2365,12.16339746);
#2367=EDGE_CURVE('',#2238,#2354,#2366,.T.);
#2368=ORIENTED_EDGE('',*,*,#2367,.F.);
#2369=ORIENTED_EDGE('',*,*,#2244,.T.);
#2370=EDGE_LOOP('',(#2351,#2352,#2361,#2368,#2369));
#2371=FACE_BOUND('',#2370,.T.);
#2372=ADVANCED_FACE('',(#2371),#2350,.F.);
#2373=CARTESIAN_POINT('',(0.25,11.729373753,0.));
#2374=DIRECTION('',(1.,0.,0.));
#2375=DIRECTION('',(-0.,1.,0.));
#2376=AXIS2_PLACEMENT_3D('',#2373,#2374,#2375);
#2377=PLANE('',#2376);
#2378=CARTESIAN_POINT('',(0.25,0.,0.));
#2379=DIRECTION('',(1.,0.,0.));
#2380=DIRECTION('',(-0.,1.,0.));
#2381=AXIS2_PLACEMENT_3D('',#2378,#2379,#2380);
#2382=CIRCLE('',#2381,11.295350046);
#2383=EDGE_CURVE('',#2197,#2214,#2382,.T.);
#2384=ORIENTED_EDGE('',*,*,#2383,.F.);
#2385=ORIENTED_EDGE('',*,*,#2226,.F.);
#2386=EDGE_LOOP('',(#2384,#2385));
#2387=FACE_BOUND('',#2386,.T.);
#2388=ORIENTED_EDGE('',*,*,#2360,.T.);
#2389=ORIENTED_EDGE('',*,*,#2253,.T.);
#2390=ORIENTED_EDGE('',*,*,#2367,.T.);
#2391=EDGE_LOOP('',(#2388,#2389,#2390));
#2392=FACE_BOUND('',#2391,.T.);
#2393=ADVANCED_FACE('',(#2387,#2392),#2377,.T.);
#2394=CARTESIAN_POINT('',(0.2,0.,0.));
#2395=DIRECTION('',(1.,0.,0.));
#2396=DIRECTION('',(-0.,1.,0.));
#2397=AXIS2_PLACEMENT_3D('',#2394,#2395,#2396);
#2398=CYLINDRICAL_SURFACE('',#2397,11.295350046);
#2399=ORIENTED_EDGE('',*,*,#2202,.T.);
#2400=ORIENTED_EDGE('',*,*,#2383,.T.);
#2401=ORIENTED_EDGE('',*,*,#2219,.T.);
#2402=CARTESIAN_POINT('',(0.15,0.,0.));
#2403=DIRECTION('',(1.,0.,0.));
#2404=DIRECTION('',(-0.,1.,0.));
#2405=AXIS2_PLACEMENT_3D('',#2402,#2403,#2404);
#2406=CIRCLE('',#2405,11.295350046);
#2407=EDGE_CURVE('',#2195,#2205,#2406,.T.);
#2408=ORIENTED_EDGE('',*,*,#2407,.F.);
#2409=EDGE_LOOP('',(#2399,#2400,#2401,#2408));
#2410=FACE_BOUND('',#2409,.T.);
#2411=ADVANCED_FACE('',(#2410),#2398,.F.);
#2412=CARTESIAN_POINT('',(0.15,11.729373753,0.));
#2413=DIRECTION('',(-1.,-0.,0.));
#2414=DIRECTION('',(0.,-1.,0.));
#2415=AXIS2_PLACEMENT_3D('',#2412,#2413,#2414);
#2416=PLANE('',#2415);
#2417=ORIENTED_EDGE('',*,*,#1888,.F.);
#2418=ORIENTED_EDGE('',*,*,#1881,.F.);
#2419=ORIENTED_EDGE('',*,*,#1772,.F.);
#2420=EDGE_LOOP('',(#2417,#2418,#2419));
#2421=FACE_BOUND('',#2420,.T.);
#2422=ORIENTED_EDGE('',*,*,#2407,.T.);
#2423=ORIENTED_EDGE('',*,*,#2211,.T.);
#2424=EDGE_LOOP('',(#2422,#2423));
#2425=FACE_BOUND('',#2424,.T.);
#2426=ADVANCED_FACE('',(#2421,#2425),#2416,.T.);
#2427=CARTESIAN_POINT('',(0.45,0.,0.));
#2428=DIRECTION('',(1.,0.,0.));
#2429=DIRECTION('',(0.,0.,-1.));
#2430=AXIS2_PLACEMENT_3D('',#2427,#2428,#2429);
#2431=TOROIDAL_SURFACE('',#2430,12.16339746,0.3);
#2432=ORIENTED_EDGE('',*,*,#1754,.T.);
#2433=ORIENTED_EDGE('',*,*,#2184,.T.);
#2434=CARTESIAN_POINT('',(0.75,0.,0.));
#2435=DIRECTION('',(1.,0.,0.));
#2436=DIRECTION('',(-0.,1.,0.));
#2437=AXIS2_PLACEMENT_3D('',#2434,#2435,#2436);
#2438=CIRCLE('',#2437,12.16339746);
#2439=EDGE_CURVE('',#2153,#2171,#2438,.T.);
#2440=ORIENTED_EDGE('',*,*,#2439,.F.);
#2441=ORIENTED_EDGE('',*,*,#2159,.T.);
#2442=EDGE_LOOP('',(#2432,#2433,#2440,#2441));
#2443=FACE_BOUND('',#2442,.T.);
#2444=ADVANCED_FACE('',(#2443),#2431,.T.);
#2445=CARTESIAN_POINT('',(0.75,11.759639857,0.));
#2446=DIRECTION('',(1.,0.,0.));
#2447=DIRECTION('',(-0.,1.,0.));
#2448=AXIS2_PLACEMENT_3D('',#2445,#2446,#2447);
#2449=PLANE('',#2448);
#2450=CARTESIAN_POINT('',(0.75,0.,0.));
#2451=DIRECTION('',(1.,0.,0.));
#2452=DIRECTION('',(-0.,1.,0.));
#2453=AXIS2_PLACEMENT_3D('',#2450,#2451,#2452);
#2454=CIRCLE('',#2453,11.355882255);
#2455=EDGE_CURVE('',#2112,#2129,#2454,.T.);
#2456=ORIENTED_EDGE('',*,*,#2455,.F.);
#2457=ORIENTED_EDGE('',*,*,#2141,.F.);
#2458=EDGE_LOOP('',(#2456,#2457));
#2459=FACE_BOUND('',#2458,.T.);
#2460=ORIENTED_EDGE('',*,*,#2168,.T.);
#2461=ORIENTED_EDGE('',*,*,#2439,.T.);
#2462=ORIENTED_EDGE('',*,*,#2177,.T.);
#2463=EDGE_LOOP('',(#2460,#2461,#2462));
#2464=FACE_BOUND('',#2463,.T.);
#2465=ADVANCED_FACE('',(#2459,#2464),#2449,.T.);
#2466=CARTESIAN_POINT('',(0.5,0.,0.));
#2467=DIRECTION('',(1.,0.,0.));
#2468=DIRECTION('',(-0.,1.,0.));
#2469=AXIS2_PLACEMENT_3D('',#2466,#2467,#2468);
#2470=CONICAL_SURFACE('',#2469,10.922869553,60.);
#2471=ORIENTED_EDGE('',*,*,#2117,.T.);
#2472=ORIENTED_EDGE('',*,*,#2455,.T.);
#2473=ORIENTED_EDGE('',*,*,#2134,.T.);
#2474=CARTESIAN_POINT('',(0.25,0.,0.));
#2475=DIRECTION('',(1.,0.,0.));
#2476=DIRECTION('',(-0.,1.,0.));
#2477=AXIS2_PLACEMENT_3D('',#2474,#2475,#2476);
#2478=CIRCLE('',#2477,10.489856851);
#2479=EDGE_CURVE('',#2110,#2120,#2478,.T.);
#2480=ORIENTED_EDGE('',*,*,#2479,.F.);
#2481=EDGE_LOOP('',(#2471,#2472,#2473,#2480));
#2482=FACE_BOUND('',#2481,.T.);
#2483=ADVANCED_FACE('',(#2482),#2470,.F.);
#2484=CARTESIAN_POINT('',(0.25,9.932584774,0.));
#2485=DIRECTION('',(1.,0.,0.));
#2486=DIRECTION('',(0.,1.,0.));
#2487=AXIS2_PLACEMENT_3D('',#2484,#2485,#2486);
#2488=PLANE('',#2487);
#2489=ORIENTED_EDGE('',*,*,#2084,.F.);
#2490=CARTESIAN_POINT('',(0.25,0.,0.));
#2491=DIRECTION('',(1.,0.,0.));
#2492=DIRECTION('',(-0.,1.,0.));
#2493=AXIS2_PLACEMENT_3D('',#2490,#2491,#2492);
#2494=CIRCLE('',#2493,9.375312697);
#2495=EDGE_CURVE('',#2078,#2068,#2494,.T.);
#2496=ORIENTED_EDGE('',*,*,#2495,.F.);
#2497=EDGE_LOOP('',(#2489,#2496));
#2498=FACE_BOUND('',#2497,.T.);
#2499=ORIENTED_EDGE('',*,*,#2479,.T.);
#2500=ORIENTED_EDGE('',*,*,#2126,.T.);
#2501=EDGE_LOOP('',(#2499,#2500));
#2502=FACE_BOUND('',#2501,.T.);
#2503=ADVANCED_FACE('',(#2498,#2502),#2488,.T.);
#2504=CARTESIAN_POINT('',(0.35,0.,0.));
#2505=DIRECTION('',(-1.,0.,0.));
#2506=DIRECTION('',(0.,1.,0.));
#2507=AXIS2_PLACEMENT_3D('',#2504,#2505,#2506);
#2508=CONICAL_SURFACE('',#2507,9.20145943,60.092585857);
#2509=ORIENTED_EDGE('',*,*,#2075,.T.);
#2510=CARTESIAN_POINT('',(0.45,0.,0.));
#2511=DIRECTION('',(1.,0.,0.));
#2512=DIRECTION('',(-0.,1.,0.));
#2513=AXIS2_PLACEMENT_3D('',#2510,#2511,#2512);
#2514=CIRCLE('',#2513,9.027606164);
#2515=EDGE_CURVE('',#2087,#2070,#2514,.T.);
#2516=ORIENTED_EDGE('',*,*,#2515,.F.);
#2517=ORIENTED_EDGE('',*,*,#2092,.T.);
#2518=ORIENTED_EDGE('',*,*,#2495,.T.);
#2519=EDGE_LOOP('',(#2509,#2516,#2517,#2518));
#2520=FACE_BOUND('',#2519,.T.);
#2521=ADVANCED_FACE('',(#2520),#2508,.T.);
#2522=CARTESIAN_POINT('',(0.45,8.959255219,0.));
#2523=DIRECTION('',(1.,-0.,0.));
#2524=DIRECTION('',(0.,1.,0.));
#2525=AXIS2_PLACEMENT_3D('',#2522,#2523,#2524);
#2526=PLANE('',#2525);
#2527=CARTESIAN_POINT('',(0.45,0.,0.));
#2528=DIRECTION('',(1.,0.,0.));
#2529=DIRECTION('',(-0.,1.,0.));
#2530=AXIS2_PLACEMENT_3D('',#2527,#2528,#2529);
#2531=CIRCLE('',#2530,8.890904274);
#2532=EDGE_CURVE('',#2028,#2045,#2531,.T.);
#2533=ORIENTED_EDGE('',*,*,#2532,.F.);
#2534=ORIENTED_EDGE('',*,*,#2057,.F.);
#2535=EDGE_LOOP('',(#2533,#2534));
#2536=FACE_BOUND('',#2535,.T.);
#2537=ORIENTED_EDGE('',*,*,#2099,.T.);
#2538=ORIENTED_EDGE('',*,*,#2515,.T.);
#2539=EDGE_LOOP('',(#2537,#2538));
#2540=FACE_BOUND('',#2539,.T.);
#2541=ADVANCED_FACE('',(#2536,#2540),#2526,.T.);
#2542=CARTESIAN_POINT('',(0.35,0.,0.));
#2543=DIRECTION('',(1.,0.,0.));
#2544=DIRECTION('',(-0.,1.,0.));
#2545=AXIS2_PLACEMENT_3D('',#2542,#2543,#2544);
#2546=CONICAL_SURFACE('',#2545,8.717051007,60.092585857);
#2547=ORIENTED_EDGE('',*,*,#2033,.T.);
#2548=ORIENTED_EDGE('',*,*,#2532,.T.);
#2549=ORIENTED_EDGE('',*,*,#2050,.T.);
#2550=CARTESIAN_POINT('',(0.25,0.,0.));
#2551=DIRECTION('',(1.,0.,0.));
#2552=DIRECTION('',(-0.,1.,0.));
#2553=AXIS2_PLACEMENT_3D('',#2550,#2551,#2552);
#2554=CIRCLE('',#2553,8.54319774);
#2555=EDGE_CURVE('',#2026,#2036,#2554,.T.);
#2556=ORIENTED_EDGE('',*,*,#2555,.F.);
#2557=EDGE_LOOP('',(#2547,#2548,#2549,#2556));
#2558=FACE_BOUND('',#2557,.T.);
#2559=ADVANCED_FACE('',(#2558),#2546,.F.);
#2560=CARTESIAN_POINT('',(0.25,8.167202773,0.));
#2561=DIRECTION('',(1.,-0.,0.));
#2562=DIRECTION('',(0.,1.,0.));
#2563=AXIS2_PLACEMENT_3D('',#2560,#2561,#2562);
#2564=PLANE('',#2563);
#2565=CARTESIAN_POINT('',(0.25,0.,0.));
#2566=DIRECTION('',(1.,0.,0.));
#2567=DIRECTION('',(-0.,1.,0.));
#2568=AXIS2_PLACEMENT_3D('',#2565,#2566,#2567);
#2569=CIRCLE('',#2568,7.791207805);
#2570=EDGE_CURVE('',#1986,#2003,#2569,.T.);
#2571=ORIENTED_EDGE('',*,*,#2570,.F.);
#2572=ORIENTED_EDGE('',*,*,#2015,.F.);
#2573=EDGE_LOOP('',(#2571,#2572));
#2574=FACE_BOUND('',#2573,.T.);
#2575=ORIENTED_EDGE('',*,*,#2555,.T.);
#2576=ORIENTED_EDGE('',*,*,#2042,.T.);
#2577=EDGE_LOOP('',(#2575,#2576));
#2578=FACE_BOUND('',#2577,.T.);
#2579=ADVANCED_FACE('',(#2574,#2578),#2564,.T.);
#2580=CARTESIAN_POINT('',(0.2,0.,0.));
#2581=DIRECTION('',(1.,0.,0.));
#2582=DIRECTION('',(-0.,1.,0.));
#2583=AXIS2_PLACEMENT_3D('',#2580,#2581,#2582);
#2584=CYLINDRICAL_SURFACE('',#2583,7.791207805);
#2585=ORIENTED_EDGE('',*,*,#1991,.T.);
#2586=ORIENTED_EDGE('',*,*,#2570,.T.);
#2587=ORIENTED_EDGE('',*,*,#2008,.T.);
#2588=CARTESIAN_POINT('',(0.15,0.,0.));
#2589=DIRECTION('',(1.,0.,0.));
#2590=DIRECTION('',(-0.,1.,0.));
#2591=AXIS2_PLACEMENT_3D('',#2588,#2589,#2590);
#2592=CIRCLE('',#2591,7.791207805);
#2593=EDGE_CURVE('',#1984,#1994,#2592,.T.);
#2594=ORIENTED_EDGE('',*,*,#2593,.F.);
#2595=EDGE_LOOP('',(#2585,#2586,#2587,#2594));
#2596=FACE_BOUND('',#2595,.T.);
#2597=ADVANCED_FACE('',(#2596),#2584,.F.);
#2598=CARTESIAN_POINT('',(0.15,8.180556943,0.));
#2599=DIRECTION('',(-1.,0.,0.));
#2600=DIRECTION('',(-0.,-1.,0.));
#2601=AXIS2_PLACEMENT_3D('',#2598,#2599,#2600);
#2602=PLANE('',#2601);
#2603=ORIENTED_EDGE('',*,*,#1958,.F.);
#2604=CARTESIAN_POINT('',(0.15,0.,0.));
#2605=DIRECTION('',(1.,0.,0.));
#2606=DIRECTION('',(-0.,1.,0.));
#2607=AXIS2_PLACEMENT_3D('',#2604,#2605,#2606);
#2608=CIRCLE('',#2607,8.569906081);
#2609=EDGE_CURVE('',#1952,#1942,#2608,.T.);
#2610=ORIENTED_EDGE('',*,*,#2609,.F.);
#2611=EDGE_LOOP('',(#2603,#2610));
#2612=FACE_BOUND('',#2611,.T.);
#2613=ORIENTED_EDGE('',*,*,#2593,.T.);
#2614=ORIENTED_EDGE('',*,*,#2000,.T.);
#2615=EDGE_LOOP('',(#2613,#2614));
#2616=FACE_BOUND('',#2615,.T.);
#2617=ADVANCED_FACE('',(#2612,#2616),#2602,.T.);
#2618=CARTESIAN_POINT('',(0.25,0.,0.));
#2619=DIRECTION('',(1.,0.,0.));
#2620=DIRECTION('',(-0.,1.,0.));
#2621=AXIS2_PLACEMENT_3D('',#2618,#2619,#2620);
#2622=CONICAL_SURFACE('',#2621,8.743759348,60.092585857);
#2623=ORIENTED_EDGE('',*,*,#1949,.T.);
#2624=CARTESIAN_POINT('',(0.35,0.,0.));
#2625=DIRECTION('',(1.,0.,0.));
#2626=DIRECTION('',(-0.,1.,0.));
#2627=AXIS2_PLACEMENT_3D('',#2624,#2625,#2626);
#2628=CIRCLE('',#2627,8.917612614);
#2629=EDGE_CURVE('',#1961,#1944,#2628,.T.);
#2630=ORIENTED_EDGE('',*,*,#2629,.F.);
#2631=ORIENTED_EDGE('',*,*,#1966,.T.);
#2632=ORIENTED_EDGE('',*,*,#2609,.T.);
#2633=EDGE_LOOP('',(#2623,#2630,#2631,#2632));
#2634=FACE_BOUND('',#2633,.T.);
#2635=ADVANCED_FACE('',(#2634),#2622,.T.);
#2636=CARTESIAN_POINT('',(0.35,8.959255219,0.));
#2637=DIRECTION('',(-1.,-0.,0.));
#2638=DIRECTION('',(0.,-1.,0.));
#2639=AXIS2_PLACEMENT_3D('',#2636,#2637,#2638);
#2640=PLANE('',#2639);
#2641=CARTESIAN_POINT('',(0.35,0.,0.));
#2642=DIRECTION('',(1.,0.,0.));
#2643=DIRECTION('',(-0.,1.,0.));
#2644=AXIS2_PLACEMENT_3D('',#2641,#2642,#2643);
#2645=CIRCLE('',#2644,9.000897823);
#2646=EDGE_CURVE('',#1902,#1919,#2645,.T.);
#2647=ORIENTED_EDGE('',*,*,#2646,.F.);
#2648=ORIENTED_EDGE('',*,*,#1931,.F.);
#2649=EDGE_LOOP('',(#2647,#2648));
#2650=FACE_BOUND('',#2649,.T.);
#2651=ORIENTED_EDGE('',*,*,#1973,.T.);
#2652=ORIENTED_EDGE('',*,*,#2629,.T.);
#2653=EDGE_LOOP('',(#2651,#2652));
#2654=FACE_BOUND('',#2653,.T.);
#2655=ADVANCED_FACE('',(#2650,#2654),#2640,.T.);
#2656=CARTESIAN_POINT('',(0.25,0.,0.));
#2657=DIRECTION('',(-1.,0.,0.));
#2658=DIRECTION('',(0.,1.,0.));
#2659=AXIS2_PLACEMENT_3D('',#2656,#2657,#2658);
#2660=CONICAL_SURFACE('',#2659,9.17475109,60.092585857);
#2661=ORIENTED_EDGE('',*,*,#1907,.T.);
#2662=ORIENTED_EDGE('',*,*,#2646,.T.);
#2663=ORIENTED_EDGE('',*,*,#1924,.T.);
#2664=CARTESIAN_POINT('',(0.15,0.,0.));
#2665=DIRECTION('',(1.,0.,0.));
#2666=DIRECTION('',(-0.,1.,0.));
#2667=AXIS2_PLACEMENT_3D('',#2664,#2665,#2666);
#2668=CIRCLE('',#2667,9.348604357);
#2669=EDGE_CURVE('',#1900,#1910,#2668,.T.);
#2670=ORIENTED_EDGE('',*,*,#2669,.F.);
#2671=EDGE_LOOP('',(#2661,#2662,#2663,#2670));
#2672=FACE_BOUND('',#2671,.T.);
#2673=ADVANCED_FACE('',(#2672),#2660,.F.);
#2674=CARTESIAN_POINT('',(0.15,9.932628063,0.));
#2675=DIRECTION('',(-1.,0.,0.));
#2676=DIRECTION('',(-0.,-1.,0.));
#2677=AXIS2_PLACEMENT_3D('',#2674,#2675,#2676);
#2678=PLANE('',#2677);
#2679=ORIENTED_EDGE('',*,*,#2287,.F.);
#2680=ORIENTED_EDGE('',*,*,#2326,.F.);
#2681=EDGE_LOOP('',(#2679,#2680));
#2682=FACE_BOUND('',#2681,.T.);
#2683=ORIENTED_EDGE('',*,*,#2669,.T.);
#2684=ORIENTED_EDGE('',*,*,#1916,.T.);
#2685=EDGE_LOOP('',(#2683,#2684));
#2686=FACE_BOUND('',#2685,.T.);
#2687=ADVANCED_FACE('',(#2682,#2686),#2678,.T.);
#2688=CLOSED_SHELL('',(#1783,#1836,#1860,#1893,#1935,#1977,#2019,#2061,#2103,#2145,#2188,#2230,#2264,#2306,#2330,#2345,#2372,#2393,#2411,#2426,#2444,#2465,#2483,#2503,#2521,#2541,
#2559,#2579,#2597,#2617,#2635,#2655,#2673,#2687));
#2689=MANIFOLD_SOLID_BREP('snr_6200zzc3_0_4',#2688);
#2690=COLOUR_RGB('',1.,1.,0.690196097);
#2691=FILL_AREA_STYLE_COLOUR('',#2690);
#2692=FILL_AREA_STYLE('',(#2691));
#2693=SURFACE_STYLE_FILL_AREA(#2692);
#2694=SURFACE_SIDE_STYLE('',(#2693));
#2695=SURFACE_STYLE_USAGE(.BOTH.,#2694);
#2696=PRESENTATION_STYLE_ASSIGNMENT((#2695));
#1739=STYLED_ITEM('',(#2696),#2689);
#2697=INTEGER_REPRESENTATION_ITEM('ATTRIB_BOUNDING_BOX_ALGORITHM',3);
#2698=ID_ATTRIBUTE('SA #2699',#2699);
#2699=SHAPE_ASPECT('properties','',#1727,.F.);
#2700=GEOMETRIC_ITEM_SPECIFIC_USAGE('','properties',#2699,#1721,#2689);
#2701=PROPERTY_DEFINITION('ATTRIB_BOUNDING_BOX_ALGORITHM','',#2699);
#2702=REPRESENTATION('',(#2697),#1718);
#2703=PROPERTY_DEFINITION_REPRESENTATION(#2701,#2702);
#2704=GENERAL_PROPERTY('','ATTRIB_BOUNDING_BOX_ALGORITHM','');
#2705=GENERAL_PROPERTY_ASSOCIATION('','',#2704,#2701);
#2706=CONTEXT_DEPENDENT_OVER_RIDING_STYLED_ITEM('',(#2696),#1720,#1739,(#1735));
#1720=SHAPE_REPRESENTATION('706-4 6200ZZ 10x30x9mm Groove Ball Bearing',(#15),#1718);
#1721=ADVANCED_BREP_SHAPE_REPRESENTATION('706-4 6200ZZ 10x30x9mm Groove Ball Bearing',(#2689),#1718);
#2714=SHAPE_REPRESENTATION_RELATIONSHIP('','',#1720,#1721);
#2715=CARTESIAN_POINT('',(0.,0.,0.));
#2716=DIRECTION('',(0.,0.,1.));
#2717=DIRECTION('',(1.,0.,0.));
#2718=AXIS2_PLACEMENT_3D('',#2715,#2716,#2717);
#2720=MAPPED_ITEM('',#2719,#2718);
#2719=REPRESENTATION_MAP(#2718,#1720);
#1728=PRODUCT('706-4 6200ZZ 10x30x9mm Groove Ball Bearing','706-4 6200ZZ 10x30x9mm Groove Ball Bearing','',(#768));
#2721=PRODUCT_RELATED_PRODUCT_CATEGORY('part','',(#1728));
#2722=PRODUCT_DEFINITION_FORMATION_WITH_SPECIFIED_SOURCE('','',#1728,.NOT_KNOWN.);
#1729=PRODUCT_DEFINITION('design','',#2722,#769);
#1727=PRODUCT_DEFINITION_SHAPE('','',#1729);
#2723=SHAPE_DEFINITION_REPRESENTATION(#1727,#1720);
#1719=DRAUGHTING_MODEL('',(#2720),#1718);
#2724=(NAMED_UNIT(*)PLANE_ANGLE_UNIT()SI_UNIT($,.RADIAN.));
#2725=PLANE_ANGLE_MEASURE_WITH_UNIT(PLANE_ANGLE_MEASURE(0.0174532925),#2724);
#2726=(CONVERSION_BASED_UNIT('DEGREE',#2725)NAMED_UNIT(#2727)PLANE_ANGLE_UNIT());
#2727=DIMENSIONAL_EXPONENTS(0.,0.,0.,0.,0.,0.,0.);
#2728=(NAMED_UNIT(*)SI_UNIT($,.STERADIAN.)SOLID_ANGLE_UNIT());
#2729=(LENGTH_UNIT()NAMED_UNIT(*)SI_UNIT(.MILLI.,.METRE.));
#2730=UNCERTAINTY_MEASURE_WITH_UNIT(LENGTH_MEASURE(1.000000E-06),#2729,'DISTANCE_ACCURACY_VALUE','Maximum Tolerance applied to model');
#2731=(GEOMETRIC_REPRESENTATION_CONTEXT(3)GLOBAL_UNCERTAINTY_ASSIGNED_CONTEXT((#2730))GLOBAL_UNIT_ASSIGNED_CONTEXT((#2729,#2726,#2728))REPRESENTATION_CONTEXT('','706-5 6200ZZ 10x30x9mm Groove Ball Bearing'));
#2743=CARTESIAN_POINT('',(0.,0.,0.));
#2744=DIRECTION('',(0.,0.,1.));
#2745=DIRECTION('',(1.,0.,-0.));
#2746=AXIS2_PLACEMENT_3D('',#2743,#2744,#2745);
#2747=ITEM_DEFINED_TRANSFORMATION('','',#2746,#15);
#2748=(REPRESENTATION_RELATIONSHIP('','',#2733,#16)REPRESENTATION_RELATIONSHIP_WITH_TRANSFORMATION(#2747)SHAPE_REPRESENTATION_RELATIONSHIP());
#2749=NEXT_ASSEMBLY_USAGE_OCCURRENCE('706-5 6200ZZ 10x30x9mm Groove Ball Bearing_5','706-5 6200ZZ 10x30x9mm Groove Ball Bearing','706-5 6200ZZ 10x30x9mm Groove Ball Bearing',#25,#2742,$);
#2750=PRODUCT_DEFINITION_SHAPE('','',#2749);
#2751=CONTEXT_DEPENDENT_SHAPE_REPRESENTATION(#2748,#2750);
#2753=CARTESIAN_POINT('',(8.55,0.,0.));
#2754=DIRECTION('',(-1.,0.,-0.));
#2755=DIRECTION('',(-0.,0.,1.));
#2756=AXIS2_PLACEMENT_3D('',#2753,#2754,#2755);
#2757=TOROIDAL_SURFACE('',#2756,12.16339746,0.3);
#2758=CARTESIAN_POINT('',(8.55,0.,-12.46339746));
#2759=VERTEX_POINT('',#2758);
#2760=CARTESIAN_POINT('',(8.55,-0.,12.46339746));
#2761=VERTEX_POINT('',#2760);
#2762=CARTESIAN_POINT('',(8.55,0.,0.));
#2763=DIRECTION('',(-1.,0.,-0.));
#2764=DIRECTION('',(-0.,0.,1.));
#2765=AXIS2_PLACEMENT_3D('',#2762,#2763,#2764);
#2766=CIRCLE('',#2765,12.46339746);
#2767=EDGE_CURVE('',#2759,#2761,#2766,.T.);
#2768=ORIENTED_EDGE('',*,*,#2767,.F.);
#2769=CARTESIAN_POINT('',(8.85,0.,-12.16339746));
#2770=VERTEX_POINT('',#2769);
#2771=CARTESIAN_POINT('',(8.55,0.,-12.16339746));
#2772=DIRECTION('',(0.,-1.,-0.));
#2773=DIRECTION('',(0.,0.,-1.));
#2774=AXIS2_PLACEMENT_3D('',#2771,#2772,#2773);
#2775=CIRCLE('',#2774,0.3);
#2776=EDGE_CURVE('',#2759,#2770,#2775,.T.);
#2777=ORIENTED_EDGE('',*,*,#2776,.T.);
#2778=CARTESIAN_POINT('',(8.85,-0.,12.16339746));
#2779=VERTEX_POINT('',#2778);
#2780=CARTESIAN_POINT('',(8.85,0.,0.));
#2781=DIRECTION('',(-1.,0.,-0.));
#2782=DIRECTION('',(0.,1.,0.));
#2783=AXIS2_PLACEMENT_3D('',#2780,#2781,#2782);
#2784=CIRCLE('',#2783,12.16339746);
#2785=EDGE_CURVE('',#2770,#2779,#2784,.T.);
#2786=ORIENTED_EDGE('',*,*,#2785,.T.);
#2787=CARTESIAN_POINT('',(8.55,-0.,12.16339746));
#2788=DIRECTION('',(0.,-1.,-0.));
#2789=DIRECTION('',(-0.,-0.,1.));
#2790=AXIS2_PLACEMENT_3D('',#2787,#2788,#2789);
#2791=CIRCLE('',#2790,0.3);
#2792=EDGE_CURVE('',#2779,#2761,#2791,.T.);
#2793=ORIENTED_EDGE('',*,*,#2792,.T.);
#2794=EDGE_LOOP('',(#2768,#2777,#2786,#2793));
#2795=FACE_BOUND('',#2794,.T.);
#2796=ADVANCED_FACE('',(#2795),#2757,.T.);
#2797=CARTESIAN_POINT('',(8.55,0.,0.));
#2798=DIRECTION('',(-1.,0.,-0.));
#2799=DIRECTION('',(-0.,0.,1.));
#2800=AXIS2_PLACEMENT_3D('',#2797,#2798,#2799);
#2801=TOROIDAL_SURFACE('',#2800,12.16339746,0.2);
#2802=CARTESIAN_POINT('',(8.55,-0.,12.36339746));
#2803=VERTEX_POINT('',#2802);
#2804=CARTESIAN_POINT('',(8.55,0.,-12.36339746));
#2805=VERTEX_POINT('',#2804);
#2806=CARTESIAN_POINT('',(8.55,0.,0.));
#2807=DIRECTION('',(-1.,0.,-0.));
#2808=DIRECTION('',(0.,0.,-1.));
#2809=AXIS2_PLACEMENT_3D('',#2806,#2807,#2808);
#2810=CIRCLE('',#2809,12.36339746);
#2811=EDGE_CURVE('',#2803,#2805,#2810,.T.);
#2812=ORIENTED_EDGE('',*,*,#2811,.F.);
#2813=CARTESIAN_POINT('',(8.35,-0.,12.16339746));
#2814=VERTEX_POINT('',#2813);
#2815=CARTESIAN_POINT('',(8.55,-0.,12.16339746));
#2816=DIRECTION('',(0.,-1.,-0.));
#2817=DIRECTION('',(-0.,-0.,1.));
#2818=AXIS2_PLACEMENT_3D('',#2815,#2816,#2817);
#2819=CIRCLE('',#2818,0.2);
#2820=EDGE_CURVE('',#2803,#2814,#2819,.T.);
#2821=ORIENTED_EDGE('',*,*,#2820,.T.);
#2822=CARTESIAN_POINT('',(8.35,12.16339746,0.));
#2823=VERTEX_POINT('',#2822);
#2824=CARTESIAN_POINT('',(8.35,0.,0.));
#2825=DIRECTION('',(-1.,0.,-0.));
#2826=DIRECTION('',(0.,1.,0.));
#2827=AXIS2_PLACEMENT_3D('',#2824,#2825,#2826);
#2828=CIRCLE('',#2827,12.16339746);
#2829=EDGE_CURVE('',#2814,#2823,#2828,.T.);
#2830=ORIENTED_EDGE('',*,*,#2829,.T.);
#2831=CARTESIAN_POINT('',(8.35,0.,-12.16339746));
#2832=VERTEX_POINT('',#2831);
#2833=CARTESIAN_POINT('',(8.35,0.,0.));
#2834=DIRECTION('',(-1.,0.,-0.));
#2835=DIRECTION('',(0.,1.,0.));
#2836=AXIS2_PLACEMENT_3D('',#2833,#2834,#2835);
#2837=CIRCLE('',#2836,12.16339746);
#2838=EDGE_CURVE('',#2823,#2832,#2837,.T.);
#2839=ORIENTED_EDGE('',*,*,#2838,.T.);
#2840=CARTESIAN_POINT('',(8.55,0.,-12.16339746));
#2841=DIRECTION('',(0.,-1.,-0.));
#2842=DIRECTION('',(0.,0.,-1.));
#2843=AXIS2_PLACEMENT_3D('',#2840,#2841,#2842);
#2844=CIRCLE('',#2843,0.2);
#2845=EDGE_CURVE('',#2832,#2805,#2844,.T.);
#2846=ORIENTED_EDGE('',*,*,#2845,.T.);
#2847=EDGE_LOOP('',(#2812,#2821,#2830,#2839,#2846));
#2848=FACE_BOUND('',#2847,.T.);
#2849=ADVANCED_FACE('',(#2848),#2801,.F.);
#2850=CARTESIAN_POINT('',(8.55,0.,0.));
#2851=DIRECTION('',(-1.,0.,-0.));
#2852=DIRECTION('',(-0.,0.,1.));
#2853=AXIS2_PLACEMENT_3D('',#2850,#2851,#2852);
#2854=TOROIDAL_SURFACE('',#2853,12.16339746,0.2);
#2855=CARTESIAN_POINT('',(8.55,0.,0.));
#2856=DIRECTION('',(-1.,0.,-0.));
#2857=DIRECTION('',(0.,0.,-1.));
#2858=AXIS2_PLACEMENT_3D('',#2855,#2856,#2857);
#2859=CIRCLE('',#2858,12.36339746);
#2860=EDGE_CURVE('',#2805,#2803,#2859,.T.);
#2861=ORIENTED_EDGE('',*,*,#2860,.F.);
#2862=ORIENTED_EDGE('',*,*,#2845,.F.);
#2863=CARTESIAN_POINT('',(8.35,0.,0.));
#2864=DIRECTION('',(-1.,0.,-0.));
#2865=DIRECTION('',(0.,1.,0.));
#2866=AXIS2_PLACEMENT_3D('',#2863,#2864,#2865);
#2867=CIRCLE('',#2866,12.16339746);
#2868=EDGE_CURVE('',#2832,#2814,#2867,.T.);
#2869=ORIENTED_EDGE('',*,*,#2868,.T.);
#2870=ORIENTED_EDGE('',*,*,#2820,.F.);
#2871=EDGE_LOOP('',(#2861,#2862,#2869,#2870));
#2872=FACE_BOUND('',#2871,.T.);
#2873=ADVANCED_FACE('',(#2872),#2854,.F.);
#2874=CARTESIAN_POINT('',(8.55,0.,0.));
#2875=DIRECTION('',(-1.,0.,-0.));
#2876=DIRECTION('',(-0.,0.,1.));
#2877=AXIS2_PLACEMENT_3D('',#2874,#2875,#2876);
#2878=TOROIDAL_SURFACE('',#2877,12.16339746,0.3);
#2879=CARTESIAN_POINT('',(8.55,0.,0.));
#2880=DIRECTION('',(-1.,0.,-0.));
#2881=DIRECTION('',(-0.,0.,1.));
#2882=AXIS2_PLACEMENT_3D('',#2879,#2880,#2881);
#2883=CIRCLE('',#2882,12.46339746);
#2884=EDGE_CURVE('',#2761,#2759,#2883,.T.);
#2885=ORIENTED_EDGE('',*,*,#2884,.F.);
#2886=ORIENTED_EDGE('',*,*,#2792,.F.);
#2887=CARTESIAN_POINT('',(8.85,12.16339746,0.));
#2888=VERTEX_POINT('',#2887);
#2889=CARTESIAN_POINT('',(8.85,0.,0.));
#2890=DIRECTION('',(-1.,0.,-0.));
#2891=DIRECTION('',(0.,1.,0.));
#2892=AXIS2_PLACEMENT_3D('',#2889,#2890,#2891);
#2893=CIRCLE('',#2892,12.16339746);
#2894=EDGE_CURVE('',#2779,#2888,#2893,.T.);
#2895=ORIENTED_EDGE('',*,*,#2894,.T.);
#2896=CARTESIAN_POINT('',(8.85,0.,0.));
#2897=DIRECTION('',(-1.,0.,-0.));
#2898=DIRECTION('',(0.,1.,0.));
#2899=AXIS2_PLACEMENT_3D('',#2896,#2897,#2898);
#2900=CIRCLE('',#2899,12.16339746);
#2901=EDGE_CURVE('',#2888,#2770,#2900,.T.);
#2902=ORIENTED_EDGE('',*,*,#2901,.T.);
#2903=ORIENTED_EDGE('',*,*,#2776,.F.);
#2904=EDGE_LOOP('',(#2885,#2886,#2895,#2902,#2903));
#2905=FACE_BOUND('',#2904,.T.);
#2906=ADVANCED_FACE('',(#2905),#2878,.T.);
#2907=CARTESIAN_POINT('',(8.75,0.,0.));
#2908=DIRECTION('',(1.,-0.,0.));
#2909=DIRECTION('',(0.,1.,0.));
#2910=AXIS2_PLACEMENT_3D('',#2907,#2908,#2909);
#2911=CONICAL_SURFACE('',#2910,9.17475109,60.092585857);
#2912=CARTESIAN_POINT('',(8.85,9.348604357,0.));
#2913=VERTEX_POINT('',#2912);
#2914=CARTESIAN_POINT('',(8.65,9.000897823,0.));
#2915=VERTEX_POINT('',#2914);
#2916=CARTESIAN_POINT('',(8.85,9.348604357,0.));
#2917=DIRECTION('',(-0.498599913,-0.866832237,-0.));
#2918=VECTOR('',#2917,0.401123215);
#2919=LINE('',#2916,#2918);
#2920=EDGE_CURVE('',#2913,#2915,#2919,.T.);
#2921=ORIENTED_EDGE('',*,*,#2920,.F.);
#2922=CARTESIAN_POINT('',(8.85,-9.348604357,0.));
#2923=VERTEX_POINT('',#2922);
#2924=CARTESIAN_POINT('',(8.85,0.,0.));
#2925=DIRECTION('',(-1.,0.,-0.));
#2926=DIRECTION('',(0.,1.,0.));
#2927=AXIS2_PLACEMENT_3D('',#2924,#2925,#2926);
#2928=CIRCLE('',#2927,9.348604357);
#2929=EDGE_CURVE('',#2923,#2913,#2928,.T.);
#2930=ORIENTED_EDGE('',*,*,#2929,.F.);
#2931=CARTESIAN_POINT('',(8.65,-9.000897823,0.));
#2932=VERTEX_POINT('',#2931);
#2933=CARTESIAN_POINT('',(8.65,-9.000897823,-0.));
#2934=DIRECTION('',(0.498599913,-0.866832237,-0.));
#2935=VECTOR('',#2934,0.401123215);
#2936=LINE('',#2933,#2935);
#2937=EDGE_CURVE('',#2932,#2923,#2936,.T.);
#2938=ORIENTED_EDGE('',*,*,#2937,.F.);
#2939=CARTESIAN_POINT('',(8.65,0.,0.));
#2940=DIRECTION('',(-1.,0.,-0.));
#2941=DIRECTION('',(0.,1.,0.));
#2942=AXIS2_PLACEMENT_3D('',#2939,#2940,#2941);
#2943=CIRCLE('',#2942,9.000897823);
#2944=EDGE_CURVE('',#2932,#2915,#2943,.T.);
#2945=ORIENTED_EDGE('',*,*,#2944,.T.);
#2946=EDGE_LOOP('',(#2921,#2930,#2938,#2945));
#2947=FACE_BOUND('',#2946,.T.);
#2948=ADVANCED_FACE('',(#2947),#2911,.F.);
#2949=CARTESIAN_POINT('',(8.75,0.,0.));
#2950=DIRECTION('',(-1.,0.,-0.));
#2951=DIRECTION('',(0.,1.,0.));
#2952=AXIS2_PLACEMENT_3D('',#2949,#2950,#2951);
#2953=CONICAL_SURFACE('',#2952,8.743759348,60.092585857);
#2954=CARTESIAN_POINT('',(8.85,8.569906081,0.));
#2955=VERTEX_POINT('',#2954);
#2956=CARTESIAN_POINT('',(8.65,8.917612614,0.));
#2957=VERTEX_POINT('',#2956);
#2958=CARTESIAN_POINT('',(8.85,8.569906081,0.));
#2959=DIRECTION('',(-0.498599913,0.866832237,-0.));
#2960=VECTOR('',#2959,0.401123215);
#2961=LINE('',#2958,#2960);
#2962=EDGE_CURVE('',#2955,#2957,#2961,.T.);
#2963=ORIENTED_EDGE('',*,*,#2962,.F.);
#2964=CARTESIAN_POINT('',(8.85,-8.569906081,0.));
#2965=VERTEX_POINT('',#2964);
#2966=CARTESIAN_POINT('',(8.85,0.,0.));
#2967=DIRECTION('',(-1.,0.,-0.));
#2968=DIRECTION('',(0.,1.,0.));
#2969=AXIS2_PLACEMENT_3D('',#2966,#2967,#2968);
#2970=CIRCLE('',#2969,8.569906081);
#2971=EDGE_CURVE('',#2955,#2965,#2970,.T.);
#2972=ORIENTED_EDGE('',*,*,#2971,.T.);
#2973=CARTESIAN_POINT('',(8.65,-8.917612614,0.));
#2974=VERTEX_POINT('',#2973);
#2975=CARTESIAN_POINT('',(8.65,-8.917612614,-0.));
#2976=DIRECTION('',(0.498599913,0.866832237,0.));
#2977=VECTOR('',#2976,0.401123215);
#2978=LINE('',#2975,#2977);
#2979=EDGE_CURVE('',#2974,#2965,#2978,.T.);
#2980=ORIENTED_EDGE('',*,*,#2979,.F.);
#2981=CARTESIAN_POINT('',(8.65,0.,0.));
#2982=DIRECTION('',(-1.,0.,-0.));
#2983=DIRECTION('',(0.,1.,0.));
#2984=AXIS2_PLACEMENT_3D('',#2981,#2982,#2983);
#2985=CIRCLE('',#2984,8.917612614);
#2986=EDGE_CURVE('',#2957,#2974,#2985,.T.);
#2987=ORIENTED_EDGE('',*,*,#2986,.F.);
#2988=EDGE_LOOP('',(#2963,#2972,#2980,#2987));
#2989=FACE_BOUND('',#2988,.T.);
#2990=ADVANCED_FACE('',(#2989),#2953,.T.);
#2991=CARTESIAN_POINT('',(8.8,0.,0.));
#2992=DIRECTION('',(-1.,0.,-0.));
#2993=DIRECTION('',(0.,1.,0.));
#2994=AXIS2_PLACEMENT_3D('',#2991,#2992,#2993);
#2995=CYLINDRICAL_SURFACE('',#2994,7.791207805);
#2996=CARTESIAN_POINT('',(8.85,7.791207805,0.));
#2997=VERTEX_POINT('',#2996);
#2998=CARTESIAN_POINT('',(8.75,7.791207805,0.));
#2999=VERTEX_POINT('',#2998);
#3000=CARTESIAN_POINT('',(8.85,7.791207805,0.));
#3001=DIRECTION('',(-1.,0.,-0.));
#3002=VECTOR('',#3001,0.1);
#3003=LINE('',#3000,#3002);
#3004=EDGE_CURVE('',#2997,#2999,#3003,.T.);
#3005=ORIENTED_EDGE('',*,*,#3004,.F.);
#3006=CARTESIAN_POINT('',(8.85,-7.791207805,-0.));
#3007=VERTEX_POINT('',#3006);
#3008=CARTESIAN_POINT('',(8.85,0.,0.));
#3009=DIRECTION('',(-1.,0.,-0.));
#3010=DIRECTION('',(0.,1.,0.));
#3011=AXIS2_PLACEMENT_3D('',#3008,#3009,#3010);
#3012=CIRCLE('',#3011,7.791207805);
#3013=EDGE_CURVE('',#3007,#2997,#3012,.T.);
#3014=ORIENTED_EDGE('',*,*,#3013,.F.);
#3015=CARTESIAN_POINT('',(8.75,-7.791207805,-0.));
#3016=VERTEX_POINT('',#3015);
#3017=CARTESIAN_POINT('',(8.75,-7.791207805,-0.));
#3018=DIRECTION('',(1.,0.,0.));
#3019=VECTOR('',#3018,0.1);
#3020=LINE('',#3017,#3019);
#3021=EDGE_CURVE('',#3016,#3007,#3020,.T.);
#3022=ORIENTED_EDGE('',*,*,#3021,.F.);
#3023=CARTESIAN_POINT('',(8.75,0.,0.));
#3024=DIRECTION('',(-1.,0.,-0.));
#3025=DIRECTION('',(0.,1.,0.));
#3026=AXIS2_PLACEMENT_3D('',#3023,#3024,#3025);
#3027=CIRCLE('',#3026,7.791207805);
#3028=EDGE_CURVE('',#3016,#2999,#3027,.T.);
#3029=ORIENTED_EDGE('',*,*,#3028,.T.);
#3030=EDGE_LOOP('',(#3005,#3014,#3022,#3029));
#3031=FACE_BOUND('',#3030,.T.);
#3032=ADVANCED_FACE('',(#3031),#2995,.F.);
#3033=CARTESIAN_POINT('',(8.65,0.,0.));
#3034=DIRECTION('',(-1.,0.,-0.));
#3035=DIRECTION('',(0.,1.,0.));
#3036=AXIS2_PLACEMENT_3D('',#3033,#3034,#3035);
#3037=CONICAL_SURFACE('',#3036,8.717051007,60.092585857);
#3038=CARTESIAN_POINT('',(8.75,8.54319774,0.));
#3039=VERTEX_POINT('',#3038);
#3040=CARTESIAN_POINT('',(8.55,8.890904274,0.));
#3041=VERTEX_POINT('',#3040);
#3042=CARTESIAN_POINT('',(8.75,8.54319774,0.));
#3043=DIRECTION('',(-0.498599913,0.866832237,-0.));
#3044=VECTOR('',#3043,0.401123215);
#3045=LINE('',#3042,#3044);
#3046=EDGE_CURVE('',#3039,#3041,#3045,.T.);
#3047=ORIENTED_EDGE('',*,*,#3046,.F.);
#3048=CARTESIAN_POINT('',(8.75,-8.54319774,-0.));
#3049=VERTEX_POINT('',#3048);
#3050=CARTESIAN_POINT('',(8.75,0.,0.));
#3051=DIRECTION('',(-1.,0.,-0.));
#3052=DIRECTION('',(0.,1.,0.));
#3053=AXIS2_PLACEMENT_3D('',#3050,#3051,#3052);
#3054=CIRCLE('',#3053,8.54319774);
#3055=EDGE_CURVE('',#3049,#3039,#3054,.T.);
#3056=ORIENTED_EDGE('',*,*,#3055,.F.);
#3057=CARTESIAN_POINT('',(8.55,-8.890904274,0.));
#3058=VERTEX_POINT('',#3057);
#3059=CARTESIAN_POINT('',(8.55,-8.890904274,-0.));
#3060=DIRECTION('',(0.498599913,0.866832237,0.));
#3061=VECTOR('',#3060,0.401123215);
#3062=LINE('',#3059,#3061);
#3063=EDGE_CURVE('',#3058,#3049,#3062,.T.);
#3064=ORIENTED_EDGE('',*,*,#3063,.F.);
#3065=CARTESIAN_POINT('',(8.55,0.,0.));
#3066=DIRECTION('',(-1.,0.,-0.));
#3067=DIRECTION('',(0.,1.,0.));
#3068=AXIS2_PLACEMENT_3D('',#3065,#3066,#3067);
#3069=CIRCLE('',#3068,8.890904274);
#3070=EDGE_CURVE('',#3058,#3041,#3069,.T.);
#3071=ORIENTED_EDGE('',*,*,#3070,.T.);
#3072=EDGE_LOOP('',(#3047,#3056,#3064,#3071));
#3073=FACE_BOUND('',#3072,.T.);
#3074=ADVANCED_FACE('',(#3073),#3037,.F.);
#3075=CARTESIAN_POINT('',(8.65,0.,0.));
#3076=DIRECTION('',(1.,-0.,0.));
#3077=DIRECTION('',(0.,1.,0.));
#3078=AXIS2_PLACEMENT_3D('',#3075,#3076,#3077);
#3079=CONICAL_SURFACE('',#3078,9.20145943,60.092585857);
#3080=CARTESIAN_POINT('',(8.75,9.375312697,0.));
#3081=VERTEX_POINT('',#3080);
#3082=CARTESIAN_POINT('',(8.55,9.027606164,0.));
#3083=VERTEX_POINT('',#3082);
#3084=CARTESIAN_POINT('',(8.75,9.375312697,0.));
#3085=DIRECTION('',(-0.498599913,-0.866832237,-0.));
#3086=VECTOR('',#3085,0.401123215);
#3087=LINE('',#3084,#3086);
#3088=EDGE_CURVE('',#3081,#3083,#3087,.T.);
#3089=ORIENTED_EDGE('',*,*,#3088,.F.);
#3090=CARTESIAN_POINT('',(8.75,-9.375312697,-0.));
#3091=VERTEX_POINT('',#3090);
#3092=CARTESIAN_POINT('',(8.75,0.,0.));
#3093=DIRECTION('',(-1.,0.,-0.));
#3094=DIRECTION('',(0.,1.,0.));
#3095=AXIS2_PLACEMENT_3D('',#3092,#3093,#3094);
#3096=CIRCLE('',#3095,9.375312697);
#3097=EDGE_CURVE('',#3081,#3091,#3096,.T.);
#3098=ORIENTED_EDGE('',*,*,#3097,.T.);
#3099=CARTESIAN_POINT('',(8.55,-9.027606164,0.));
#3100=VERTEX_POINT('',#3099);
#3101=CARTESIAN_POINT('',(8.55,-9.027606164,-0.));
#3102=DIRECTION('',(0.498599913,-0.866832237,-0.));
#3103=VECTOR('',#3102,0.401123215);
#3104=LINE('',#3101,#3103);
#3105=EDGE_CURVE('',#3100,#3091,#3104,.T.);
#3106=ORIENTED_EDGE('',*,*,#3105,.F.);
#3107=CARTESIAN_POINT('',(8.55,0.,0.));
#3108=DIRECTION('',(-1.,0.,-0.));
#3109=DIRECTION('',(0.,1.,0.));
#3110=AXIS2_PLACEMENT_3D('',#3107,#3108,#3109);
#3111=CIRCLE('',#3110,9.027606164);
#3112=EDGE_CURVE('',#3083,#3100,#3111,.T.);
#3113=ORIENTED_EDGE('',*,*,#3112,.F.);
#3114=EDGE_LOOP('',(#3089,#3098,#3106,#3113));
#3115=FACE_BOUND('',#3114,.T.);
#3116=ADVANCED_FACE('',(#3115),#3079,.T.);
#3117=CARTESIAN_POINT('',(8.5,0.,0.));
#3118=DIRECTION('',(-1.,0.,-0.));
#3119=DIRECTION('',(0.,1.,0.));
#3120=AXIS2_PLACEMENT_3D('',#3117,#3118,#3119);
#3121=CONICAL_SURFACE('',#3120,10.922869553,60.);
#3122=CARTESIAN_POINT('',(8.75,10.489856851,0.));
#3123=VERTEX_POINT('',#3122);
#3124=CARTESIAN_POINT('',(8.25,11.355882255,0.));
#3125=VERTEX_POINT('',#3124);
#3126=CARTESIAN_POINT('',(8.75,10.489856851,0.));
#3127=DIRECTION('',(-0.5,0.866025404,-0.));
#3128=VECTOR('',#3127,1.);
#3129=LINE('',#3126,#3128);
#3130=EDGE_CURVE('',#3123,#3125,#3129,.T.);
#3131=ORIENTED_EDGE('',*,*,#3130,.F.);
#3132=CARTESIAN_POINT('',(8.75,-10.489856851,-0.));
#3133=VERTEX_POINT('',#3132);
#3134=CARTESIAN_POINT('',(8.75,0.,0.));
#3135=DIRECTION('',(-1.,0.,-0.));
#3136=DIRECTION('',(0.,1.,0.));
#3137=AXIS2_PLACEMENT_3D('',#3134,#3135,#3136);
#3138=CIRCLE('',#3137,10.489856851);
#3139=EDGE_CURVE('',#3133,#3123,#3138,.T.);
#3140=ORIENTED_EDGE('',*,*,#3139,.F.);
#3141=CARTESIAN_POINT('',(8.25,-11.355882255,0.));
#3142=VERTEX_POINT('',#3141);
#3143=CARTESIAN_POINT('',(8.25,-11.355882255,-0.));
#3144=DIRECTION('',(0.5,0.866025404,0.));
#3145=VECTOR('',#3144,1.);
#3146=LINE('',#3143,#3145);
#3147=EDGE_CURVE('',#3142,#3133,#3146,.T.);
#3148=ORIENTED_EDGE('',*,*,#3147,.F.);
#3149=CARTESIAN_POINT('',(8.25,0.,0.));
#3150=DIRECTION('',(-1.,0.,-0.));
#3151=DIRECTION('',(0.,1.,0.));
#3152=AXIS2_PLACEMENT_3D('',#3149,#3150,#3151);
#3153=CIRCLE('',#3152,11.355882255);
#3154=EDGE_CURVE('',#3142,#3125,#3153,.T.);
#3155=ORIENTED_EDGE('',*,*,#3154,.T.);
#3156=EDGE_LOOP('',(#3131,#3140,#3148,#3155));
#3157=FACE_BOUND('',#3156,.T.);
#3158=ADVANCED_FACE('',(#3157),#3121,.F.);
#3159=CARTESIAN_POINT('',(8.55,0.,0.));
#3160=DIRECTION('',(-1.,0.,-0.));
#3161=DIRECTION('',(-0.,0.,1.));
#3162=AXIS2_PLACEMENT_3D('',#3159,#3160,#3161);
#3163=TOROIDAL_SURFACE('',#3162,12.16339746,0.3);
#3164=ORIENTED_EDGE('',*,*,#2884,.T.);
#3165=CARTESIAN_POINT('',(8.25,0.,-12.16339746));
#3166=VERTEX_POINT('',#3165);
#3167=CARTESIAN_POINT('',(8.55,0.,-12.16339746));
#3168=DIRECTION('',(0.,-1.,-0.));
#3169=DIRECTION('',(0.,0.,-1.));
#3170=AXIS2_PLACEMENT_3D('',#3167,#3168,#3169);
#3171=CIRCLE('',#3170,0.3);
#3172=EDGE_CURVE('',#3166,#2759,#3171,.T.);
#3173=ORIENTED_EDGE('',*,*,#3172,.F.);
#3174=CARTESIAN_POINT('',(8.25,12.16339746,0.));
#3175=VERTEX_POINT('',#3174);
#3176=CARTESIAN_POINT('',(8.25,0.,0.));
#3177=DIRECTION('',(-1.,0.,-0.));
#3178=DIRECTION('',(0.,1.,0.));
#3179=AXIS2_PLACEMENT_3D('',#3176,#3177,#3178);
#3180=CIRCLE('',#3179,12.16339746);
#3181=EDGE_CURVE('',#3175,#3166,#3180,.T.);
#3182=ORIENTED_EDGE('',*,*,#3181,.F.);
#3183=CARTESIAN_POINT('',(8.25,-0.,12.16339746));
#3184=VERTEX_POINT('',#3183);
#3185=CARTESIAN_POINT('',(8.25,0.,0.));
#3186=DIRECTION('',(-1.,0.,-0.));
#3187=DIRECTION('',(0.,1.,0.));
#3188=AXIS2_PLACEMENT_3D('',#3185,#3186,#3187);
#3189=CIRCLE('',#3188,12.16339746);
#3190=EDGE_CURVE('',#3184,#3175,#3189,.T.);
#3191=ORIENTED_EDGE('',*,*,#3190,.F.);
#3192=CARTESIAN_POINT('',(8.55,-0.,12.16339746));
#3193=DIRECTION('',(0.,-1.,-0.));
#3194=DIRECTION('',(-0.,-0.,1.));
#3195=AXIS2_PLACEMENT_3D('',#3192,#3193,#3194);
#3196=CIRCLE('',#3195,0.3);
#3197=EDGE_CURVE('',#2761,#3184,#3196,.T.);
#3198=ORIENTED_EDGE('',*,*,#3197,.F.);
#3199=EDGE_LOOP('',(#3164,#3173,#3182,#3191,#3198));
#3200=FACE_BOUND('',#3199,.T.);
#3201=ADVANCED_FACE('',(#3200),#3163,.T.);
#3202=CARTESIAN_POINT('',(8.8,0.,0.));
#3203=DIRECTION('',(-1.,0.,-0.));
#3204=DIRECTION('',(0.,1.,0.));
#3205=AXIS2_PLACEMENT_3D('',#3202,#3203,#3204);
#3206=CYLINDRICAL_SURFACE('',#3205,11.295350046);
#3207=CARTESIAN_POINT('',(8.85,11.295350046,0.));
#3208=VERTEX_POINT('',#3207);
#3209=CARTESIAN_POINT('',(8.75,11.295350046,0.));
#3210=VERTEX_POINT('',#3209);
#3211=CARTESIAN_POINT('',(8.85,11.295350046,0.));
#3212=DIRECTION('',(-1.,0.,-0.));
#3213=VECTOR('',#3212,0.1);
#3214=LINE('',#3211,#3213);
#3215=EDGE_CURVE('',#3208,#3210,#3214,.T.);
#3216=ORIENTED_EDGE('',*,*,#3215,.F.);
#3217=CARTESIAN_POINT('',(8.85,-11.295350046,-0.));
#3218=VERTEX_POINT('',#3217);
#3219=CARTESIAN_POINT('',(8.85,0.,0.));
#3220=DIRECTION('',(-1.,0.,-0.));
#3221=DIRECTION('',(0.,1.,0.));
#3222=AXIS2_PLACEMENT_3D('',#3219,#3220,#3221);
#3223=CIRCLE('',#3222,11.295350046);
#3224=EDGE_CURVE('',#3218,#3208,#3223,.T.);
#3225=ORIENTED_EDGE('',*,*,#3224,.F.);
#3226=CARTESIAN_POINT('',(8.75,-11.295350046,-0.));
#3227=VERTEX_POINT('',#3226);
#3228=CARTESIAN_POINT('',(8.75,-11.295350046,-0.));
#3229=DIRECTION('',(1.,0.,0.));
#3230=VECTOR('',#3229,0.1);
#3231=LINE('',#3228,#3230);
#3232=EDGE_CURVE('',#3227,#3218,#3231,.T.);
#3233=ORIENTED_EDGE('',*,*,#3232,.F.);
#3234=CARTESIAN_POINT('',(8.75,0.,0.));
#3235=DIRECTION('',(-1.,0.,-0.));
#3236=DIRECTION('',(0.,1.,0.));
#3237=AXIS2_PLACEMENT_3D('',#3234,#3235,#3236);
#3238=CIRCLE('',#3237,11.295350046);
#3239=EDGE_CURVE('',#3227,#3210,#3238,.T.);
#3240=ORIENTED_EDGE('',*,*,#3239,.T.);
#3241=EDGE_LOOP('',(#3216,#3225,#3233,#3240));
#3242=FACE_BOUND('',#3241,.T.);
#3243=ADVANCED_FACE('',(#3242),#3206,.F.);
#3244=CARTESIAN_POINT('',(8.55,0.,0.));
#3245=DIRECTION('',(-1.,0.,-0.));
#3246=DIRECTION('',(-0.,0.,1.));
#3247=AXIS2_PLACEMENT_3D('',#3244,#3245,#3246);
#3248=TOROIDAL_SURFACE('',#3247,12.16339746,0.2);
#3249=ORIENTED_EDGE('',*,*,#2860,.T.);
#3250=CARTESIAN_POINT('',(8.75,-0.,12.16339746));
#3251=VERTEX_POINT('',#3250);
#3252=CARTESIAN_POINT('',(8.55,-0.,12.16339746));
#3253=DIRECTION('',(0.,-1.,-0.));
#3254=DIRECTION('',(-0.,-0.,1.));
#3255=AXIS2_PLACEMENT_3D('',#3252,#3253,#3254);
#3256=CIRCLE('',#3255,0.2);
#3257=EDGE_CURVE('',#3251,#2803,#3256,.T.);
#3258=ORIENTED_EDGE('',*,*,#3257,.F.);
#3259=CARTESIAN_POINT('',(8.75,0.,-12.16339746));
#3260=VERTEX_POINT('',#3259);
#3261=CARTESIAN_POINT('',(8.75,0.,0.));
#3262=DIRECTION('',(-1.,0.,-0.));
#3263=DIRECTION('',(0.,1.,0.));
#3264=AXIS2_PLACEMENT_3D('',#3261,#3262,#3263);
#3265=CIRCLE('',#3264,12.16339746);
#3266=EDGE_CURVE('',#3260,#3251,#3265,.T.);
#3267=ORIENTED_EDGE('',*,*,#3266,.F.);
#3268=CARTESIAN_POINT('',(8.55,0.,-12.16339746));
#3269=DIRECTION('',(0.,-1.,-0.));
#3270=DIRECTION('',(0.,0.,-1.));
#3271=AXIS2_PLACEMENT_3D('',#3268,#3269,#3270);
#3272=CIRCLE('',#3271,0.2);
#3273=EDGE_CURVE('',#2805,#3260,#3272,.T.);
#3274=ORIENTED_EDGE('',*,*,#3273,.F.);
#3275=EDGE_LOOP('',(#3249,#3258,#3267,#3274));
#3276=FACE_BOUND('',#3275,.T.);
#3277=ADVANCED_FACE('',(#3276),#3248,.F.);
#3278=CARTESIAN_POINT('',(8.6,0.,0.));
#3279=DIRECTION('',(-1.,0.,-0.));
#3280=DIRECTION('',(0.,1.,0.));
#3281=AXIS2_PLACEMENT_3D('',#3278,#3279,#3280);
#3282=CONICAL_SURFACE('',#3281,10.949664472,60.);
#3283=CARTESIAN_POINT('',(8.85,10.51665177,0.));
#3284=VERTEX_POINT('',#3283);
#3285=CARTESIAN_POINT('',(8.35,11.382677174,0.));
#3286=VERTEX_POINT('',#3285);
#3287=CARTESIAN_POINT('',(8.85,10.51665177,0.));
#3288=DIRECTION('',(-0.5,0.866025404,-0.));
#3289=VECTOR('',#3288,1.);
#3290=LINE('',#3287,#3289);
#3291=EDGE_CURVE('',#3284,#3286,#3290,.T.);
#3292=ORIENTED_EDGE('',*,*,#3291,.F.);
#3293=CARTESIAN_POINT('',(8.85,-10.51665177,-0.));
#3294=VERTEX_POINT('',#3293);
#3295=CARTESIAN_POINT('',(8.85,0.,0.));
#3296=DIRECTION('',(-1.,0.,-0.));
#3297=DIRECTION('',(0.,1.,0.));
#3298=AXIS2_PLACEMENT_3D('',#3295,#3296,#3297);
#3299=CIRCLE('',#3298,10.51665177);
#3300=EDGE_CURVE('',#3284,#3294,#3299,.T.);
#3301=ORIENTED_EDGE('',*,*,#3300,.T.);
#3302=CARTESIAN_POINT('',(8.35,-11.382677174,-0.));
#3303=VERTEX_POINT('',#3302);
#3304=CARTESIAN_POINT('',(8.35,-11.382677174,-0.));
#3305=DIRECTION('',(0.5,0.866025404,0.));
#3306=VECTOR('',#3305,1.);
#3307=LINE('',#3304,#3306);
#3308=EDGE_CURVE('',#3303,#3294,#3307,.T.);
#3309=ORIENTED_EDGE('',*,*,#3308,.F.);
#3310=CARTESIAN_POINT('',(8.35,0.,0.));
#3311=DIRECTION('',(-1.,0.,-0.));
#3312=DIRECTION('',(0.,1.,0.));
#3313=AXIS2_PLACEMENT_3D('',#3310,#3311,#3312);
#3314=CIRCLE('',#3313,11.382677174);
#3315=EDGE_CURVE('',#3286,#3303,#3314,.T.);
#3316=ORIENTED_EDGE('',*,*,#3315,.F.);
#3317=EDGE_LOOP('',(#3292,#3301,#3309,#3316));
#3318=FACE_BOUND('',#3317,.T.);
#3319=ADVANCED_FACE('',(#3318),#3282,.T.);
#3320=CARTESIAN_POINT('',(8.6,0.,0.));
#3321=DIRECTION('',(-1.,0.,-0.));
#3322=DIRECTION('',(0.,1.,0.));
#3323=AXIS2_PLACEMENT_3D('',#3320,#3321,#3322);
#3324=CONICAL_SURFACE('',#3323,10.949664472,60.);
#3325=ORIENTED_EDGE('',*,*,#3291,.T.);
#3326=CARTESIAN_POINT('',(8.35,0.,0.));
#3327=DIRECTION('',(-1.,0.,-0.));
#3328=DIRECTION('',(0.,1.,0.));
#3329=AXIS2_PLACEMENT_3D('',#3326,#3327,#3328);
#3330=CIRCLE('',#3329,11.382677174);
#3331=EDGE_CURVE('',#3303,#3286,#3330,.T.);
#3332=ORIENTED_EDGE('',*,*,#3331,.F.);
#3333=ORIENTED_EDGE('',*,*,#3308,.T.);
#3334=CARTESIAN_POINT('',(8.85,0.,0.));
#3335=DIRECTION('',(-1.,0.,-0.));
#3336=DIRECTION('',(0.,1.,0.));
#3337=AXIS2_PLACEMENT_3D('',#3334,#3335,#3336);
#3338=CIRCLE('',#3337,10.51665177);
#3339=EDGE_CURVE('',#3294,#3284,#3338,.T.);
#3340=ORIENTED_EDGE('',*,*,#3339,.T.);
#3341=EDGE_LOOP('',(#3325,#3332,#3333,#3340));
#3342=FACE_BOUND('',#3341,.T.);
#3343=ADVANCED_FACE('',(#3342),#3324,.T.);
#3344=CARTESIAN_POINT('',(8.35,11.773037317,0.));
#3345=DIRECTION('',(1.,0.,0.));
#3346=DIRECTION('',(0.,-1.,0.));
#3347=AXIS2_PLACEMENT_3D('',#3344,#3345,#3346);
#3348=PLANE('',#3347);
#3349=ORIENTED_EDGE('',*,*,#2838,.F.);
#3350=ORIENTED_EDGE('',*,*,#2829,.F.);
#3351=ORIENTED_EDGE('',*,*,#2868,.F.);
#3352=EDGE_LOOP('',(#3349,#3350,#3351));
#3353=FACE_BOUND('',#3352,.T.);
#3354=ORIENTED_EDGE('',*,*,#3315,.T.);
#3355=ORIENTED_EDGE('',*,*,#3331,.T.);
#3356=EDGE_LOOP('',(#3354,#3355));
#3357=FACE_BOUND('',#3356,.T.);
#3358=ADVANCED_FACE('',(#3353,#3357),#3348,.T.);
#3359=CARTESIAN_POINT('',(8.55,0.,0.));
#3360=DIRECTION('',(-1.,0.,-0.));
#3361=DIRECTION('',(-0.,0.,1.));
#3362=AXIS2_PLACEMENT_3D('',#3359,#3360,#3361);
#3363=TOROIDAL_SURFACE('',#3362,12.16339746,0.2);
#3364=ORIENTED_EDGE('',*,*,#2811,.T.);
#3365=ORIENTED_EDGE('',*,*,#3273,.T.);
#3366=CARTESIAN_POINT('',(8.75,12.16339746,0.));
#3367=VERTEX_POINT('',#3366);
#3368=CARTESIAN_POINT('',(8.75,0.,0.));
#3369=DIRECTION('',(-1.,0.,-0.));
#3370=DIRECTION('',(0.,1.,0.));
#3371=AXIS2_PLACEMENT_3D('',#3368,#3369,#3370);
#3372=CIRCLE('',#3371,12.16339746);
#3373=EDGE_CURVE('',#3367,#3260,#3372,.T.);
#3374=ORIENTED_EDGE('',*,*,#3373,.F.);
#3375=CARTESIAN_POINT('',(8.75,0.,0.));
#3376=DIRECTION('',(-1.,0.,-0.));
#3377=DIRECTION('',(0.,1.,0.));
#3378=AXIS2_PLACEMENT_3D('',#3375,#3376,#3377);
#3379=CIRCLE('',#3378,12.16339746);
#3380=EDGE_CURVE('',#3251,#3367,#3379,.T.);
#3381=ORIENTED_EDGE('',*,*,#3380,.F.);
#3382=ORIENTED_EDGE('',*,*,#3257,.T.);
#3383=EDGE_LOOP('',(#3364,#3365,#3374,#3381,#3382));
#3384=FACE_BOUND('',#3383,.T.);
#3385=ADVANCED_FACE('',(#3384),#3363,.F.);
#3386=CARTESIAN_POINT('',(8.75,11.729373753,0.));
#3387=DIRECTION('',(-1.,0.,-0.));
#3388=DIRECTION('',(0.,1.,0.));
#3389=AXIS2_PLACEMENT_3D('',#3386,#3387,#3388);
#3390=PLANE('',#3389);
#3391=CARTESIAN_POINT('',(8.75,0.,0.));
#3392=DIRECTION('',(-1.,0.,-0.));
#3393=DIRECTION('',(0.,1.,0.));
#3394=AXIS2_PLACEMENT_3D('',#3391,#3392,#3393);
#3395=CIRCLE('',#3394,11.295350046);
#3396=EDGE_CURVE('',#3210,#3227,#3395,.T.);
#3397=ORIENTED_EDGE('',*,*,#3396,.F.);
#3398=ORIENTED_EDGE('',*,*,#3239,.F.);
#3399=EDGE_LOOP('',(#3397,#3398));
#3400=FACE_BOUND('',#3399,.T.);
#3401=ORIENTED_EDGE('',*,*,#3373,.T.);
#3402=ORIENTED_EDGE('',*,*,#3266,.T.);
#3403=ORIENTED_EDGE('',*,*,#3380,.T.);
#3404=EDGE_LOOP('',(#3401,#3402,#3403));
#3405=FACE_BOUND('',#3404,.T.);
#3406=ADVANCED_FACE('',(#3400,#3405),#3390,.T.);
#3407=CARTESIAN_POINT('',(8.8,0.,0.));
#3408=DIRECTION('',(-1.,0.,-0.));
#3409=DIRECTION('',(0.,1.,0.));
#3410=AXIS2_PLACEMENT_3D('',#3407,#3408,#3409);
#3411=CYLINDRICAL_SURFACE('',#3410,11.295350046);
#3412=ORIENTED_EDGE('',*,*,#3215,.T.);
#3413=ORIENTED_EDGE('',*,*,#3396,.T.);
#3414=ORIENTED_EDGE('',*,*,#3232,.T.);
#3415=CARTESIAN_POINT('',(8.85,0.,0.));
#3416=DIRECTION('',(-1.,0.,-0.));
#3417=DIRECTION('',(0.,1.,0.));
#3418=AXIS2_PLACEMENT_3D('',#3415,#3416,#3417);
#3419=CIRCLE('',#3418,11.295350046);
#3420=EDGE_CURVE('',#3208,#3218,#3419,.T.);
#3421=ORIENTED_EDGE('',*,*,#3420,.F.);
#3422=EDGE_LOOP('',(#3412,#3413,#3414,#3421));
#3423=FACE_BOUND('',#3422,.T.);
#3424=ADVANCED_FACE('',(#3423),#3411,.F.);
#3425=CARTESIAN_POINT('',(8.85,11.729373753,0.));
#3426=DIRECTION('',(1.,-0.,0.));
#3427=DIRECTION('',(-0.,-1.,-0.));
#3428=AXIS2_PLACEMENT_3D('',#3425,#3426,#3427);
#3429=PLANE('',#3428);
#3430=ORIENTED_EDGE('',*,*,#2901,.F.);
#3431=ORIENTED_EDGE('',*,*,#2894,.F.);
#3432=ORIENTED_EDGE('',*,*,#2785,.F.);
#3433=EDGE_LOOP('',(#3430,#3431,#3432));
#3434=FACE_BOUND('',#3433,.T.);
#3435=ORIENTED_EDGE('',*,*,#3420,.T.);
#3436=ORIENTED_EDGE('',*,*,#3224,.T.);
#3437=EDGE_LOOP('',(#3435,#3436));
#3438=FACE_BOUND('',#3437,.T.);
#3439=ADVANCED_FACE('',(#3434,#3438),#3429,.T.);
#3440=CARTESIAN_POINT('',(8.55,0.,0.));
#3441=DIRECTION('',(-1.,0.,-0.));
#3442=DIRECTION('',(-0.,0.,1.));
#3443=AXIS2_PLACEMENT_3D('',#3440,#3441,#3442);
#3444=TOROIDAL_SURFACE('',#3443,12.16339746,0.3);
#3445=ORIENTED_EDGE('',*,*,#2767,.T.);
#3446=ORIENTED_EDGE('',*,*,#3197,.T.);
#3447=CARTESIAN_POINT('',(8.25,0.,0.));
#3448=DIRECTION('',(-1.,0.,-0.));
#3449=DIRECTION('',(0.,1.,0.));
#3450=AXIS2_PLACEMENT_3D('',#3447,#3448,#3449);
#3451=CIRCLE('',#3450,12.16339746);
#3452=EDGE_CURVE('',#3166,#3184,#3451,.T.);
#3453=ORIENTED_EDGE('',*,*,#3452,.F.);
#3454=ORIENTED_EDGE('',*,*,#3172,.T.);
#3455=EDGE_LOOP('',(#3445,#3446,#3453,#3454));
#3456=FACE_BOUND('',#3455,.T.);
#3457=ADVANCED_FACE('',(#3456),#3444,.T.);
#3458=CARTESIAN_POINT('',(8.25,11.759639857,0.));
#3459=DIRECTION('',(-1.,0.,-0.));
#3460=DIRECTION('',(0.,1.,0.));
#3461=AXIS2_PLACEMENT_3D('',#3458,#3459,#3460);
#3462=PLANE('',#3461);
#3463=CARTESIAN_POINT('',(8.25,0.,0.));
#3464=DIRECTION('',(-1.,0.,-0.));
#3465=DIRECTION('',(0.,1.,0.));
#3466=AXIS2_PLACEMENT_3D('',#3463,#3464,#3465);
#3467=CIRCLE('',#3466,11.355882255);
#3468=EDGE_CURVE('',#3125,#3142,#3467,.T.);
#3469=ORIENTED_EDGE('',*,*,#3468,.F.);
#3470=ORIENTED_EDGE('',*,*,#3154,.F.);
#3471=EDGE_LOOP('',(#3469,#3470));
#3472=FACE_BOUND('',#3471,.T.);
#3473=ORIENTED_EDGE('',*,*,#3181,.T.);
#3474=ORIENTED_EDGE('',*,*,#3452,.T.);
#3475=ORIENTED_EDGE('',*,*,#3190,.T.);
#3476=EDGE_LOOP('',(#3473,#3474,#3475));
#3477=FACE_BOUND('',#3476,.T.);
#3478=ADVANCED_FACE('',(#3472,#3477),#3462,.T.);
#3479=CARTESIAN_POINT('',(8.5,0.,0.));
#3480=DIRECTION('',(-1.,0.,-0.));
#3481=DIRECTION('',(0.,1.,0.));
#3482=AXIS2_PLACEMENT_3D('',#3479,#3480,#3481);
#3483=CONICAL_SURFACE('',#3482,10.922869553,60.);
#3484=ORIENTED_EDGE('',*,*,#3130,.T.);
#3485=ORIENTED_EDGE('',*,*,#3468,.T.);
#3486=ORIENTED_EDGE('',*,*,#3147,.T.);
#3487=CARTESIAN_POINT('',(8.75,0.,0.));
#3488=DIRECTION('',(-1.,0.,-0.));
#3489=DIRECTION('',(0.,1.,0.));
#3490=AXIS2_PLACEMENT_3D('',#3487,#3488,#3489);
#3491=CIRCLE('',#3490,10.489856851);
#3492=EDGE_CURVE('',#3123,#3133,#3491,.T.);
#3493=ORIENTED_EDGE('',*,*,#3492,.F.);
#3494=EDGE_LOOP('',(#3484,#3485,#3486,#3493));
#3495=FACE_BOUND('',#3494,.T.);
#3496=ADVANCED_FACE('',(#3495),#3483,.F.);
#3497=CARTESIAN_POINT('',(8.75,9.932584774,0.));
#3498=DIRECTION('',(-1.,0.,-0.));
#3499=DIRECTION('',(0.,1.,0.));
#3500=AXIS2_PLACEMENT_3D('',#3497,#3498,#3499);
#3501=PLANE('',#3500);
#3502=ORIENTED_EDGE('',*,*,#3097,.F.);
#3503=CARTESIAN_POINT('',(8.75,0.,0.));
#3504=DIRECTION('',(-1.,0.,-0.));
#3505=DIRECTION('',(0.,1.,0.));
#3506=AXIS2_PLACEMENT_3D('',#3503,#3504,#3505);
#3507=CIRCLE('',#3506,9.375312697);
#3508=EDGE_CURVE('',#3091,#3081,#3507,.T.);
#3509=ORIENTED_EDGE('',*,*,#3508,.F.);
#3510=EDGE_LOOP('',(#3502,#3509));
#3511=FACE_BOUND('',#3510,.T.);
#3512=ORIENTED_EDGE('',*,*,#3492,.T.);
#3513=ORIENTED_EDGE('',*,*,#3139,.T.);
#3514=EDGE_LOOP('',(#3512,#3513));
#3515=FACE_BOUND('',#3514,.T.);
#3516=ADVANCED_FACE('',(#3511,#3515),#3501,.T.);
#3517=CARTESIAN_POINT('',(8.65,0.,0.));
#3518=DIRECTION('',(1.,-0.,0.));
#3519=DIRECTION('',(0.,1.,0.));
#3520=AXIS2_PLACEMENT_3D('',#3517,#3518,#3519);
#3521=CONICAL_SURFACE('',#3520,9.20145943,60.092585857);
#3522=ORIENTED_EDGE('',*,*,#3088,.T.);
#3523=CARTESIAN_POINT('',(8.55,0.,0.));
#3524=DIRECTION('',(-1.,0.,-0.));
#3525=DIRECTION('',(0.,1.,0.));
#3526=AXIS2_PLACEMENT_3D('',#3523,#3524,#3525);
#3527=CIRCLE('',#3526,9.027606164);
#3528=EDGE_CURVE('',#3100,#3083,#3527,.T.);
#3529=ORIENTED_EDGE('',*,*,#3528,.F.);
#3530=ORIENTED_EDGE('',*,*,#3105,.T.);
#3531=ORIENTED_EDGE('',*,*,#3508,.T.);
#3532=EDGE_LOOP('',(#3522,#3529,#3530,#3531));
#3533=FACE_BOUND('',#3532,.T.);
#3534=ADVANCED_FACE('',(#3533),#3521,.T.);
#3535=CARTESIAN_POINT('',(8.55,8.959255219,0.));
#3536=DIRECTION('',(-1.,-0.,-0.));
#3537=DIRECTION('',(-0.,1.,-0.));
#3538=AXIS2_PLACEMENT_3D('',#3535,#3536,#3537);
#3539=PLANE('',#3538);
#3540=CARTESIAN_POINT('',(8.55,0.,0.));
#3541=DIRECTION('',(-1.,0.,-0.));
#3542=DIRECTION('',(0.,1.,0.));
#3543=AXIS2_PLACEMENT_3D('',#3540,#3541,#3542);
#3544=CIRCLE('',#3543,8.890904274);
#3545=EDGE_CURVE('',#3041,#3058,#3544,.T.);
#3546=ORIENTED_EDGE('',*,*,#3545,.F.);
#3547=ORIENTED_EDGE('',*,*,#3070,.F.);
#3548=EDGE_LOOP('',(#3546,#3547));
#3549=FACE_BOUND('',#3548,.T.);
#3550=ORIENTED_EDGE('',*,*,#3112,.T.);
#3551=ORIENTED_EDGE('',*,*,#3528,.T.);
#3552=EDGE_LOOP('',(#3550,#3551));
#3553=FACE_BOUND('',#3552,.T.);
#3554=ADVANCED_FACE('',(#3549,#3553),#3539,.T.);
#3555=CARTESIAN_POINT('',(8.65,0.,0.));
#3556=DIRECTION('',(-1.,0.,-0.));
#3557=DIRECTION('',(0.,1.,0.));
#3558=AXIS2_PLACEMENT_3D('',#3555,#3556,#3557);
#3559=CONICAL_SURFACE('',#3558,8.717051007,60.092585857);
#3560=ORIENTED_EDGE('',*,*,#3046,.T.);
#3561=ORIENTED_EDGE('',*,*,#3545,.T.);
#3562=ORIENTED_EDGE('',*,*,#3063,.T.);
#3563=CARTESIAN_POINT('',(8.75,0.,0.));
#3564=DIRECTION('',(-1.,0.,-0.));
#3565=DIRECTION('',(0.,1.,0.));
#3566=AXIS2_PLACEMENT_3D('',#3563,#3564,#3565);
#3567=CIRCLE('',#3566,8.54319774);
#3568=EDGE_CURVE('',#3039,#3049,#3567,.T.);
#3569=ORIENTED_EDGE('',*,*,#3568,.F.);
#3570=EDGE_LOOP('',(#3560,#3561,#3562,#3569));
#3571=FACE_BOUND('',#3570,.T.);
#3572=ADVANCED_FACE('',(#3571),#3559,.F.);
#3573=CARTESIAN_POINT('',(8.75,8.167202773,0.));
#3574=DIRECTION('',(-1.,-0.,-0.));
#3575=DIRECTION('',(-0.,1.,-0.));
#3576=AXIS2_PLACEMENT_3D('',#3573,#3574,#3575);
#3577=PLANE('',#3576);
#3578=CARTESIAN_POINT('',(8.75,0.,0.));
#3579=DIRECTION('',(-1.,0.,-0.));
#3580=DIRECTION('',(0.,1.,0.));
#3581=AXIS2_PLACEMENT_3D('',#3578,#3579,#3580);
#3582=CIRCLE('',#3581,7.791207805);
#3583=EDGE_CURVE('',#2999,#3016,#3582,.T.);
#3584=ORIENTED_EDGE('',*,*,#3583,.F.);
#3585=ORIENTED_EDGE('',*,*,#3028,.F.);
#3586=EDGE_LOOP('',(#3584,#3585));
#3587=FACE_BOUND('',#3586,.T.);
#3588=ORIENTED_EDGE('',*,*,#3568,.T.);
#3589=ORIENTED_EDGE('',*,*,#3055,.T.);
#3590=EDGE_LOOP('',(#3588,#3589));
#3591=FACE_BOUND('',#3590,.T.);
#3592=ADVANCED_FACE('',(#3587,#3591),#3577,.T.);
#3593=CARTESIAN_POINT('',(8.8,0.,0.));
#3594=DIRECTION('',(-1.,0.,-0.));
#3595=DIRECTION('',(0.,1.,0.));
#3596=AXIS2_PLACEMENT_3D('',#3593,#3594,#3595);
#3597=CYLINDRICAL_SURFACE('',#3596,7.791207805);
#3598=ORIENTED_EDGE('',*,*,#3004,.T.);
#3599=ORIENTED_EDGE('',*,*,#3583,.T.);
#3600=ORIENTED_EDGE('',*,*,#3021,.T.);
#3601=CARTESIAN_POINT('',(8.85,0.,0.));
#3602=DIRECTION('',(-1.,0.,-0.));
#3603=DIRECTION('',(0.,1.,0.));
#3604=AXIS2_PLACEMENT_3D('',#3601,#3602,#3603);
#3605=CIRCLE('',#3604,7.791207805);
#3606=EDGE_CURVE('',#2997,#3007,#3605,.T.);
#3607=ORIENTED_EDGE('',*,*,#3606,.F.);
#3608=EDGE_LOOP('',(#3598,#3599,#3600,#3607));
#3609=FACE_BOUND('',#3608,.T.);
#3610=ADVANCED_FACE('',(#3609),#3597,.F.);
#3611=CARTESIAN_POINT('',(8.85,8.180556943,0.));
#3612=DIRECTION('',(1.,0.,0.));
#3613=DIRECTION('',(0.,-1.,0.));
#3614=AXIS2_PLACEMENT_3D('',#3611,#3612,#3613);
#3615=PLANE('',#3614);
#3616=ORIENTED_EDGE('',*,*,#2971,.F.);
#3617=CARTESIAN_POINT('',(8.85,0.,0.));
#3618=DIRECTION('',(-1.,0.,-0.));
#3619=DIRECTION('',(0.,1.,0.));
#3620=AXIS2_PLACEMENT_3D('',#3617,#3618,#3619);
#3621=CIRCLE('',#3620,8.569906081);
#3622=EDGE_CURVE('',#2965,#2955,#3621,.T.);
#3623=ORIENTED_EDGE('',*,*,#3622,.F.);
#3624=EDGE_LOOP('',(#3616,#3623));
#3625=FACE_BOUND('',#3624,.T.);
#3626=ORIENTED_EDGE('',*,*,#3606,.T.);
#3627=ORIENTED_EDGE('',*,*,#3013,.T.);
#3628=EDGE_LOOP('',(#3626,#3627));
#3629=FACE_BOUND('',#3628,.T.);
#3630=ADVANCED_FACE('',(#3625,#3629),#3615,.T.);
#3631=CARTESIAN_POINT('',(8.75,0.,0.));
#3632=DIRECTION('',(-1.,0.,-0.));
#3633=DIRECTION('',(0.,1.,0.));
#3634=AXIS2_PLACEMENT_3D('',#3631,#3632,#3633);
#3635=CONICAL_SURFACE('',#3634,8.743759348,60.092585857);
#3636=ORIENTED_EDGE('',*,*,#2962,.T.);
#3637=CARTESIAN_POINT('',(8.65,0.,0.));
#3638=DIRECTION('',(-1.,0.,-0.));
#3639=DIRECTION('',(0.,1.,0.));
#3640=AXIS2_PLACEMENT_3D('',#3637,#3638,#3639);
#3641=CIRCLE('',#3640,8.917612614);
#3642=EDGE_CURVE('',#2974,#2957,#3641,.T.);
#3643=ORIENTED_EDGE('',*,*,#3642,.F.);
#3644=ORIENTED_EDGE('',*,*,#2979,.T.);
#3645=ORIENTED_EDGE('',*,*,#3622,.T.);
#3646=EDGE_LOOP('',(#3636,#3643,#3644,#3645));
#3647=FACE_BOUND('',#3646,.T.);
#3648=ADVANCED_FACE('',(#3647),#3635,.T.);
#3649=CARTESIAN_POINT('',(8.65,8.959255219,0.));
#3650=DIRECTION('',(1.,-0.,0.));
#3651=DIRECTION('',(-0.,-1.,-0.));
#3652=AXIS2_PLACEMENT_3D('',#3649,#3650,#3651);
#3653=PLANE('',#3652);
#3654=CARTESIAN_POINT('',(8.65,0.,0.));
#3655=DIRECTION('',(-1.,0.,-0.));
#3656=DIRECTION('',(0.,1.,0.));
#3657=AXIS2_PLACEMENT_3D('',#3654,#3655,#3656);
#3658=CIRCLE('',#3657,9.000897823);
#3659=EDGE_CURVE('',#2915,#2932,#3658,.T.);
#3660=ORIENTED_EDGE('',*,*,#3659,.F.);
#3661=ORIENTED_EDGE('',*,*,#2944,.F.);
#3662=EDGE_LOOP('',(#3660,#3661));
#3663=FACE_BOUND('',#3662,.T.);
#3664=ORIENTED_EDGE('',*,*,#2986,.T.);
#3665=ORIENTED_EDGE('',*,*,#3642,.T.);
#3666=EDGE_LOOP('',(#3664,#3665));
#3667=FACE_BOUND('',#3666,.T.);
#3668=ADVANCED_FACE('',(#3663,#3667),#3653,.T.);
#3669=CARTESIAN_POINT('',(8.75,0.,0.));
#3670=DIRECTION('',(1.,-0.,0.));
#3671=DIRECTION('',(0.,1.,0.));
#3672=AXIS2_PLACEMENT_3D('',#3669,#3670,#3671);
#3673=CONICAL_SURFACE('',#3672,9.17475109,60.092585857);
#3674=ORIENTED_EDGE('',*,*,#2920,.T.);
#3675=ORIENTED_EDGE('',*,*,#3659,.T.);
#3676=ORIENTED_EDGE('',*,*,#2937,.T.);
#3677=CARTESIAN_POINT('',(8.85,0.,0.));
#3678=DIRECTION('',(-1.,0.,-0.));
#3679=DIRECTION('',(0.,1.,0.));
#3680=AXIS2_PLACEMENT_3D('',#3677,#3678,#3679);
#3681=CIRCLE('',#3680,9.348604357);
#3682=EDGE_CURVE('',#2913,#2923,#3681,.T.);
#3683=ORIENTED_EDGE('',*,*,#3682,.F.);
#3684=EDGE_LOOP('',(#3674,#3675,#3676,#3683));
#3685=FACE_BOUND('',#3684,.T.);
#3686=ADVANCED_FACE('',(#3685),#3673,.F.);
#3687=CARTESIAN_POINT('',(8.85,9.932628063,0.));
#3688=DIRECTION('',(1.,0.,0.));
#3689=DIRECTION('',(0.,-1.,0.));
#3690=AXIS2_PLACEMENT_3D('',#3687,#3688,#3689);
#3691=PLANE('',#3690);
#3692=ORIENTED_EDGE('',*,*,#3300,.F.);
#3693=ORIENTED_EDGE('',*,*,#3339,.F.);
#3694=EDGE_LOOP('',(#3692,#3693));
#3695=FACE_BOUND('',#3694,.T.);
#3696=ORIENTED_EDGE('',*,*,#3682,.T.);
#3697=ORIENTED_EDGE('',*,*,#2929,.T.);
#3698=EDGE_LOOP('',(#3696,#3697));
#3699=FACE_BOUND('',#3698,.T.);
#3700=ADVANCED_FACE('',(#3695,#3699),#3691,.T.);
#3701=CLOSED_SHELL('',(#2796,#2849,#2873,#2906,#2948,#2990,#3032,#3074,#3116,#3158,#3201,#3243,#3277,#3319,#3343,#3358,#3385,#3406,#3424,#3439,#3457,#3478,#3496,#3516,#3534,#3554,
#3572,#3592,#3610,#3630,#3648,#3668,#3686,#3700));
#3702=MANIFOLD_SOLID_BREP('snr_6200zzc3_0_5',#3701);
#2752=STYLED_ITEM('',(#2696),#3702);
#3703=INTEGER_REPRESENTATION_ITEM('ATTRIB_BOUNDING_BOX_ALGORITHM',3);
#3704=ID_ATTRIBUTE('SA #3705',#3705);
#3705=SHAPE_ASPECT('properties','',#2740,.F.);
#3706=GEOMETRIC_ITEM_SPECIFIC_USAGE('','properties',#3705,#2734,#3702);
#3707=PROPERTY_DEFINITION('ATTRIB_BOUNDING_BOX_ALGORITHM','',#3705);
#3708=REPRESENTATION('',(#3703),#2731);
#3709=PROPERTY_DEFINITION_REPRESENTATION(#3707,#3708);
#3710=GENERAL_PROPERTY('','ATTRIB_BOUNDING_BOX_ALGORITHM','');
#3711=GENERAL_PROPERTY_ASSOCIATION('','',#3710,#3707);
#3712=CONTEXT_DEPENDENT_OVER_RIDING_STYLED_ITEM('',(#2696),#2733,#2752,(#2748));
#2733=SHAPE_REPRESENTATION('706-5 6200ZZ 10x30x9mm Groove Ball Bearing',(#15),#2731);
#2734=ADVANCED_BREP_SHAPE_REPRESENTATION('706-5 6200ZZ 10x30x9mm Groove Ball Bearing',(#3702),#2731);
#3720=SHAPE_REPRESENTATION_RELATIONSHIP('','',#2733,#2734);
#3721=CARTESIAN_POINT('',(0.,0.,0.));
#3722=DIRECTION('',(0.,0.,1.));
#3723=DIRECTION('',(1.,0.,0.));
#3724=AXIS2_PLACEMENT_3D('',#3721,#3722,#3723);
#3726=MAPPED_ITEM('',#3725,#3724);
#3725=REPRESENTATION_MAP(#3724,#2733);
#2741=PRODUCT('706-5 6200ZZ 10x30x9mm Groove Ball Bearing','706-5 6200ZZ 10x30x9mm Groove Ball Bearing','',(#768));
#3727=PRODUCT_RELATED_PRODUCT_CATEGORY('part','',(#2741));
#3728=PRODUCT_DEFINITION_FORMATION_WITH_SPECIFIED_SOURCE('','',#2741,.NOT_KNOWN.);
#2742=PRODUCT_DEFINITION('design','',#3728,#769);
#2740=PRODUCT_DEFINITION_SHAPE('','',#2742);
#3729=SHAPE_DEFINITION_REPRESENTATION(#2740,#2733);
#2732=DRAUGHTING_MODEL('',(#3726),#2731);
#16=SHAPE_REPRESENTATION('706 6200ZZ 10x30x9mm Groove Ball Bearing',(#15,#48,#795,#1571,#1733,#2746),#10);
#3730=CARTESIAN_POINT('',(0.,0.,0.));
#3731=DIRECTION('',(0.,0.,1.));
#3732=DIRECTION('',(1.,0.,0.));
#3733=AXIS2_PLACEMENT_3D('',#3730,#3731,#3732);
#3735=MAPPED_ITEM('',#3734,#3733);
#3734=REPRESENTATION_MAP(#3733,#16);
#24=PRODUCT('706 6200ZZ 10x30x9mm Groove Ball Bearing','706 6200ZZ 10x30x9mm Groove Ball Bearing','',(#768));
#3736=PRODUCT_RELATED_PRODUCT_CATEGORY('part','',(#24));
#3737=PRODUCT_DEFINITION_FORMATION_WITH_SPECIFIED_SOURCE('','',#24,.NOT_KNOWN.);
#25=PRODUCT_DEFINITION('design','',#3737,#769);
#23=PRODUCT_DEFINITION_SHAPE('','',#25);
#3738=SHAPE_DEFINITION_REPRESENTATION(#23,#16);
#11=DRAUGHTING_MODEL('',(#3735),#10);
#1=MECHANICAL_DESIGN_GEOMETRIC_PRESENTATION_REPRESENTATION('',(#54,#751,#801,#1531,#1577,#1693,#1739,#2706,#2752,#3712),#10);
ENDSEC;
END-ISO-10303-21;
